region,locality,w_0_0.5,w_0.5_1.5,w_1.5_3,w_3_6,w_6_10,w_10_20,w_20_30,w_30_40,w_40_50,w_50_60,w_60_70,w_70_80,w_80_90,w_90_100,w_100_499_per_kg,w_499_1000_per_kg
Arica,ARICA,2852,3281,3711,5000,6718,12254,16550,31350,35646,39942,44238,49005,53342,57680,502,480
Arica,POCONCHILE,5704,6563,7422,10000,13436,24508,33100,62700,71292,79883,88475,98009,106684,115359,1003,960
Arica,SORA,5704,6563,7422,10000,13436,24508,33100,62700,71292,79883,88475,98009,106684,115359,1003,960
Arica,MOLINOS,5704,6563,7422,10000,13436,24508,33100,62700,71292,79883,88475,98009,106684,115359,1003,960
Arica,GENERAL LAGOS,17111,19689,22266,29999,40309,73525,99300,188100,213875,239650,265425,294027,320053,346078,3009,2879
Arica,CUYA,17111,19689,22266,29999,40309,73525,99300,188100,213875,239650,265425,294027,320053,346078,3009,2879
Arica,TIGNAMAR,17111,19689,22266,29999,40309,73525,99300,188100,213875,239650,265425,294027,320053,346078,3009,2879
Arica,SOCOROMA,17111,19689,22266,29999,40309,73525,99300,188100,213875,239650,265425,294027,320053,346078,3009,2879
Arica,PACHAMA,17111,19689,22266,29999,40309,73525,99300,188100,213875,239650,265425,294027,320053,346078,3009,2879
Arica,BELEN,17111,19689,22266,29999,40309,73525,99300,188100,213875,239650,265425,294027,320053,346078,3009,2879
Arica,ESQUINA,17111,19689,22266,29999,40309,73525,99300,188100,213875,239650,265425,294027,320053,346078,3009,2879
Arica,CAMARONES,17111,19689,22266,29999,40309,73525,99300,188100,213875,239650,265425,294027,320053,346078,3009,2879
Arica,COSAPILLA,17111,19689,22266,29999,40309,73525,99300,188100,213875,239650,265425,294027,320053,346078,3009,2879
Arica,CODPA,17111,19689,22266,29999,40309,73525,99300,188100,213875,239650,265425,294027,320053,346078,3009,2879
Arica,PUTRE,52852,53281,53711,55000,56718,62254,66550,81350,85646,89942,94238,99005,103342,107680,502,480
Arica,VISVIRI,52852,53281,53711,55000,56718,62254,66550,81350,85646,89942,94238,99005,103342,107680,502,480
Arica,CAQUENA,181423,181853,182282,183571,185290,190826,195121,209921,214217,218513,222809,227576,231914,236251,502,480
Tarapacá,IQUIQUE,2636,3022,3408,4567,6111,10366,14227,27528,31390,35251,39112,43391,47856,52320,460,440
Tarapacá,POZO ALMONTE,2636,3022,3408,4567,6111,10366,14227,27528,31390,35251,39112,43391,47856,52320,460,440
Tarapacá,ALTO HOSPICIO,2636,3022,3408,4567,6111,10366,14227,27528,31390,35251,39112,43391,47856,52320,460,440
Tarapacá,HUARA,5272,6045,6817,9134,12223,20731,28454,55056,62779,70502,78225,86782,95711,104640,919,879
Tarapacá,LA TIRANA,5272,6045,6817,9134,12223,20731,28454,55056,62779,70502,78225,86782,95711,104640,919,879
Tarapacá,LA HAUYCA,5272,6045,6817,9134,12223,20731,28454,55056,62779,70502,78225,86782,95711,104640,919,879
Tarapacá,PICA,15817,18134,20451,27401,36669,62194,85363,165169,188337,211505,234674,260345,287133,313921,2757,2638
Tarapacá,MAMINA,15817,18134,20451,27401,36669,62194,85363,165169,188337,211505,234674,260345,287133,313921,2757,2638
Tarapacá,SOTOCA,15817,18134,20451,27401,36669,62194,85363,165169,188337,211505,234674,260345,287133,313921,2757,2638
Tarapacá,ANCUAQUE,15817,18134,20451,27401,36669,62194,85363,165169,188337,211505,234674,260345,287133,313921,2757,2638
Tarapacá,MOCHA,15817,18134,20451,27401,36669,62194,85363,165169,188337,211505,234674,260345,287133,313921,2757,2638
Tarapacá,LIRIMA,15817,18134,20451,27401,36669,62194,85363,165169,188337,211505,234674,260345,287133,313921,2757,2638
Tarapacá,CALETA BUENA,15311,17123,18934,24368,31613,54611,72723,147474,165587,183699,201812,222060,243743,265426,2308,2173
Tarapacá,ISLUGA,15817,18134,20451,27401,36669,62194,85363,165169,188337,211505,234674,260345,287133,313921,2757,2638
Tarapacá,CANCOSA,15817,18134,20451,27401,36669,62194,85363,165169,188337,211505,234674,260345,287133,313921,2757,2638
Tarapacá,CARIQUIMA,15817,18134,20451,27401,36669,62194,85363,165169,188337,211505,234674,260345,287133,313921,2757,2638
Tarapacá,COLLACAGUA,15817,18134,20451,27401,36669,62194,85363,165169,188337,211505,234674,260345,287133,313921,2757,2638
Tarapacá,COLCHANE,52636,53022,53408,54567,56111,60366,64227,77528,81390,85251,89112,93391,97856,102320,460,440
Tarapacá,CAMINA,52636,53022,53408,54567,56111,60366,64227,77528,81390,85251,89112,93391,97856,102320,460,440
Antofagasta,CALAMA,2619,2989,3358,4466,5944,9851,13545,26416,30110,33803,37497,41591,45815,50040,439,419
Antofagasta,ANTOFAGASTA,2552,2854,3156,4061,5269,9102,12121,24579,27598,30617,33635,37010,40624,44238,385,362
Antofagasta,MARIA ELENA,2552,2854,3156,4061,5269,9102,12121,24579,27598,30617,33635,37010,40624,44238,385,362
Antofagasta,TALTAL,2581,2857,3132,3957,5057,8465,11216,23116,25867,28618,31368,34451,37723,40996,356,336
Antofagasta,TOCOPILLA,2552,2854,3156,4061,5269,9102,12121,24579,27598,30617,33635,37010,40624,44238,385,362
Antofagasta,SAN PEDRO DE ATACAMA,2619,2989,3358,4466,5944,9851,13545,26416,30110,33803,37497,41591,45815,50040,439,419
Antofagasta,MEJILLONES,5104,5708,6311,8123,10538,18204,24241,49158,55196,61233,67271,74020,81248,88475,769,724
Antofagasta,LA NEGRA,5104,5708,6311,8123,10538,18204,24241,49158,55196,61233,67271,74020,81248,88475,769,724
Antofagasta,HORNITOS,5104,5708,6311,8123,10538,18204,24241,49158,55196,61233,67271,74020,81248,88475,769,724
Antofagasta,AIQUINA,5239,5978,6716,8932,11887,19703,27090,52832,60219,67606,74994,83181,91630,100079,878,838
Antofagasta,LASANA,5239,5978,6716,8932,11887,19703,27090,52832,60219,67606,74994,83181,91630,100079,878,838
Antofagasta,CASPANA,5239,5978,6716,8932,11887,19703,27090,52832,60219,67606,74994,83181,91630,100079,878,838
Antofagasta,BAQUEDANO,5614,6278,6942,8935,11591,20024,26665,54074,60715,67356,73998,81422,89373,97323,846,797
Antofagasta,TOCONAO,15716,17933,20149,26797,35662,59109,81271,158495,180657,202819,224981,249543,274891,300238,2633,2514
Antofagasta,QUILLAGUA,15716,17933,20149,26797,35662,59109,81271,158495,180657,202819,224981,249543,274891,300238,2633,2514
Antofagasta,PAPOSO,15489,17139,18790,23741,30343,50792,67297,138695,155200,171705,188210,206703,226339,245974,2139,2014
Antofagasta,COBIJA,15311,17123,18934,24368,31613,54611,72723,147474,165587,183699,201812,222060,243743,265426,2308,2173
Antofagasta,SOCAIRE,15716,17933,20149,26797,35662,59109,81271,158495,180657,202819,224981,249543,274891,300238,2633,2514
Antofagasta,SIERRA GORDA,45477,45846,46215,47323,48801,52709,56402,69273,72967,76660,80354,84448,88672,92897,439,419
Atacama,COPIAPO,2540,2749,2959,3588,4427,7525,9622,20424,22521,24618,26715,28812,31431,34049,296,279
Atacama,CALDERA,2540,2749,2959,3588,4427,7525,9622,20424,22521,24618,26715,28812,31431,34049,296,279
Atacama,CHANARAL,2889,3128,3367,4086,5043,8130,10523,21463,23856,26250,28643,31037,33952,36867,321,302
Atacama,VALLENAR,2434,2623,2813,3380,4137,7272,9165,20101,21994,23886,25779,27940,30393,32846,286,269
Atacama,EL SALVADOR,2889,3128,3367,4086,5043,8130,10523,21463,23856,26250,28643,31037,33952,36867,321,302
Atacama,DIEGO DE ALMAGRO,3048,3299,3551,4306,5312,9030,11547,24509,27026,29542,32058,34575,37717,40859,355,335
Atacama,ESMERALDA,3048,3299,3551,4306,5312,9030,11547,24509,27026,29542,32058,34575,37717,40859,355,335
Atacama,PAN DE AZUCAR,2620,2776,2932,3401,4026,6645,8207,18928,20491,22054,23617,25179,27191,29202,254,239
Atacama,ZAPALLAR,5079,5499,5918,7176,8854,15050,19244,40849,45043,49237,53431,57625,62861,68098,592,558
Atacama,TIERRA AMARILLA,5079,5499,5918,7176,8854,15050,19244,40849,45043,49237,53431,57625,62861,68098,592,558
Atacama,ALTO DEL CARMEN,4868,5247,5625,6761,8275,14545,18330,40202,43987,47772,51557,55880,60786,65692,571,538
Atacama,HUASCO,4868,5247,5625,6761,8275,14545,18330,40202,43987,47772,51557,55880,60786,65692,571,538
Atacama,ALGARROBAL,4868,5247,5625,6761,8275,14545,18330,40202,43987,47772,51557,55880,60786,65692,571,538
Atacama,BAHIA INGLESA,5079,5499,5918,7176,8854,15050,19244,40849,45043,49237,53431,57625,62861,68098,592,558
Atacama,FREIRINA,14604,15740,16875,20282,24824,43634,54989,120607,131962,143317,154672,167639,182358,197076,1714,1613
Atacama,DOMEYKO,14604,15740,16875,20282,24824,43634,54989,120607,131962,143317,154672,167639,182358,197076,1714,1613
Atacama,LA ARENA,14604,15740,16875,20282,24824,43634,54989,120607,131962,143317,154672,167639,182358,197076,1714,1613
Coquimbo,LA SERENA,2381,2524,2666,3092,3660,6040,7461,17207,18628,20049,21470,22890,24719,26548,231,217
Coquimbo,COQUIMBO,2381,2524,2666,3092,3660,6040,7461,17207,18628,20049,21470,22890,24719,26548,231,217
Coquimbo,OVALLE,2514,2656,2798,3224,3792,6107,7527,17207,18628,20049,21470,22890,24719,26548,231,217
Coquimbo,LOS VILOS,2832,2952,3072,3431,3909,5941,7137,16422,17619,18815,20011,21208,22812,24416,212,200
Coquimbo,TIERRAS BLANCAS,2381,2524,2666,3092,3660,6040,7461,17207,18628,20049,21470,22890,24719,26548,231,217
Coquimbo,VICUNA,2739,2902,3065,3556,4209,6947,8580,19789,21422,23056,24690,26324,28427,30530,265,250
Coquimbo,SOTAQUI,3771,3984,4197,4836,5689,9160,11291,25811,27942,30073,32204,34335,37079,39822,346,326
Coquimbo,LA CHIMBA,3771,3984,4197,4836,5689,9160,11291,25811,27942,30073,32204,34335,37079,39822,346,326
Coquimbo,ALTOVALSOL,3572,3785,3998,4638,5490,9061,11192,25811,27942,30073,32204,34335,37079,39822,346,326
Coquimbo,EL HINOJAL,3572,3785,3998,4638,5490,9061,11192,25811,27942,30073,32204,34335,37079,39822,346,326
Coquimbo,GABRIELA MISTRAL,3572,3785,3998,4638,5490,9061,11192,25811,27942,30073,32204,34335,37079,39822,346,326
Coquimbo,QUEBRADA DE TALCA,3572,3785,3998,4638,5490,9061,11192,25811,27942,30073,32204,34335,37079,39822,346,326
Coquimbo,LAS DUNAS,3572,3785,3998,4638,5490,9061,11192,25811,27942,30073,32204,34335,37079,39822,346,326
Coquimbo,EL PENON,3572,3785,3998,4638,5490,9061,11192,25811,27942,30073,32204,34335,37079,39822,346,326
Coquimbo,HUAMALATA,3771,3984,4197,4836,5689,9160,11291,25811,27942,30073,32204,34335,37079,39822,346,326
Coquimbo,CERRILLOS DE TAMAYA,3771,3984,4197,4836,5689,9160,11291,25811,27942,30073,32204,34335,37079,39822,346,326
Coquimbo,SAN JULIAN,3771,3984,4197,4836,5689,9160,11291,25811,27942,30073,32204,34335,37079,39822,346,326
Coquimbo,LOS OLIVOS,3771,3984,4197,4836,5689,9160,11291,25811,27942,30073,32204,34335,37079,39822,346,326
Coquimbo,GUANAQUEROS,4763,5047,5331,6184,7320,12081,14922,34415,37256,40098,42939,45781,49438,53095,462,435
Coquimbo,TONGOY,4763,5047,5331,6184,7320,12081,14922,34415,37256,40098,42939,45781,49438,53095,462,435
Coquimbo,EL PALQUI,5027,5312,5596,6448,7585,12213,15055,34415,37256,40098,42939,45781,49438,53095,462,435
Coquimbo,MONTE PATRIA,5027,5312,5596,6448,7585,12213,15055,34415,37256,40098,42939,45781,49438,53095,462,435
Coquimbo,COMBARBALA,5027,5312,5596,6448,7585,12213,15055,34415,37256,40098,42939,45781,49438,53095,462,435
Coquimbo,ILLAPEL,5665,5904,6143,6861,7818,11881,14274,32844,35237,37630,40022,42415,45624,48833,425,400
Coquimbo,SALAMANCA,5665,5904,6143,6861,7818,11881,14274,32844,35237,37630,40022,42415,45624,48833,425,400
Coquimbo,ANDACOLLO,4763,5047,5331,6184,7320,12081,14922,34415,37256,40098,42939,45781,49438,53095,462,435
Coquimbo,LA HIGUERA,4763,5047,5331,6184,7320,12081,14922,34415,37256,40098,42939,45781,49438,53095,462,435
Coquimbo,CANELA,5665,5904,6143,6861,7818,11881,14274,32844,35237,37630,40022,42415,45624,48833,425,400
Coquimbo,PUNITAQUI,5027,5312,5596,6448,7585,12213,15055,34415,37256,40098,42939,45781,49438,53095,462,435
Coquimbo,ALGARROBITO,4763,5047,5331,6184,7320,12081,14922,34415,37256,40098,42939,45781,49438,53095,462,435
Coquimbo,LAS TACAS,4763,5047,5331,6184,7320,12081,14922,34415,37256,40098,42939,45781,49438,53095,462,435
Coquimbo,RIO HURTADO,5027,5312,5596,6448,7585,12213,15055,34415,37256,40098,42939,45781,49438,53095,462,435
Coquimbo,SAN MARCOS,5027,5312,5596,6448,7585,12213,15055,34415,37256,40098,42939,45781,49438,53095,462,435
Coquimbo,PICHIDANGUI,5665,5904,6143,6861,7818,11881,14274,32844,35237,37630,40022,42415,45624,48833,425,400
Coquimbo,TOTORALILLO,4763,5047,5331,6184,7320,12081,14922,34415,37256,40098,42939,45781,49438,53095,462,435
Coquimbo,HACIENDA LOS ANDES,5027,5312,5596,6448,7585,12213,15055,34415,37256,40098,42939,45781,49438,53095,462,435
Coquimbo,QUILIMARI,5665,5904,6143,6861,7818,11881,14274,32844,35237,37630,40022,42415,45624,48833,425,400
Coquimbo,GUANGUALI,5665,5904,6143,6861,7818,11881,14274,32844,35237,37630,40022,42415,45624,48833,425,400
Coquimbo,HUENTELAUQUEN,5665,5904,6143,6861,7818,11881,14274,32844,35237,37630,40022,42415,45624,48833,425,400
Coquimbo,LA MARQUESA,4763,5047,5331,6184,7320,12081,14922,34415,37256,40098,42939,45781,49438,53095,462,435
Coquimbo,EL MOLLE,4763,5047,5331,6184,7320,12081,14922,34415,37256,40098,42939,45781,49438,53095,462,435
Coquimbo,PUERTO VELERO,4763,5047,5331,6184,7320,12081,14922,34415,37256,40098,42939,45781,49438,53095,462,435
Coquimbo,EL TANGUE,4763,5047,5331,6184,7320,12081,14922,34415,37256,40098,42939,45781,49438,53095,462,435
Coquimbo,PUERTO ALDEA,4763,5047,5331,6184,7320,12081,14922,34415,37256,40098,42939,45781,49438,53095,462,435
Coquimbo,TAMBILLO,4763,5047,5331,6184,7320,12081,14922,34415,37256,40098,42939,45781,49438,53095,462,435
Coquimbo,LAS CARDAS,4763,5047,5331,6184,7320,12081,14922,34415,37256,40098,42939,45781,49438,53095,462,435
Coquimbo,LIMARI,5027,5312,5596,6448,7585,12213,15055,34415,37256,40098,42939,45781,49438,53095,462,435
Coquimbo,RECOLETA IV,5027,5312,5596,6448,7585,12213,15055,34415,37256,40098,42939,45781,49438,53095,462,435
Coquimbo,CHANARAL ALTO,7541,7967,8394,9672,11377,18320,22582,51622,55884,60147,64409,68671,74157,79643,693,652
Coquimbo,PISCO ELQUI,7144,7571,7997,9276,10980,18121,22384,51622,55884,60147,64409,68671,74157,79643,693,652
Coquimbo,PAIHUANO,7144,7571,7997,9276,10980,18121,22384,51622,55884,60147,64409,68671,74157,79643,693,652
Coquimbo,PUNTA COLORADA,7144,7571,7997,9276,10980,18121,22384,51622,55884,60147,64409,68671,74157,79643,693,652
Coquimbo,SOCOS,7541,7967,8394,9672,11377,18320,22582,51622,55884,60147,64409,68671,74157,79643,693,652
Coquimbo,CAREN,7541,7967,8394,9672,11377,18320,22582,51622,55884,60147,64409,68671,74157,79643,693,652
Coquimbo,CHANARAL DE CAREN,7541,7967,8394,9672,11377,18320,22582,51622,55884,60147,64409,68671,74157,79643,693,652
Coquimbo,PEDREGAL,7541,7967,8394,9672,11377,18320,22582,51622,55884,60147,64409,68671,74157,79643,693,652
Coquimbo,LAS CARDAS SUR,7541,7967,8394,9672,11377,18320,22582,51622,55884,60147,64409,68671,74157,79643,693,652
Coquimbo,CUNCUMEN,8497,8856,9215,10292,11727,17822,21411,49266,52856,56445,60034,63623,68436,73249,637,600
Coquimbo,HORCON IV,8335,8832,9330,10821,12810,21142,26114,60226,65198,70171,75143,80116,86517,92917,808,761
Coquimbo,TULAHUEN,8798,9295,9793,11284,13273,21373,26346,60226,65198,70171,75143,80116,86517,92917,808,761
Coquimbo,PICHASCA,8798,9295,9793,11284,13273,21373,26346,60226,65198,70171,75143,80116,86517,92917,808,761
Coquimbo,LAS BREAS,10055,10623,11191,12896,15169,24426,30109,68830,74513,80195,85878,91561,98876,106191,923,869
Coquimbo,MONTE GRANDE,9526,10094,10663,12367,14641,24162,29845,68830,74513,80195,85878,91561,98876,106191,923,869
Coquimbo,MORRILLOS,15082,15935,16787,19344,22754,36640,45164,103244,111769,120293,128817,137342,148314,159286,1385,1304
Coquimbo,LLANOS DE GUANTA,14289,15141,15994,18551,21961,36243,44767,103244,111769,120293,128817,137342,148314,159286,1385,1304
Coquimbo,EL TAMBO,14289,15141,15994,18551,21961,36243,44767,103244,111769,120293,128817,137342,148314,159286,1385,1304
Coquimbo,LOS HORNOS,14289,15141,15994,18551,21961,36243,44767,103244,111769,120293,128817,137342,148314,159286,1385,1304
Coquimbo,LAS RAMADAS DE TULAHUEN,15082,15935,16787,19344,22754,36640,45164,103244,111769,120293,128817,137342,148314,159286,1385,1304
Coquimbo,LA PLACILLA (PUNITAQUI),15082,15935,16787,19344,22754,36640,45164,103244,111769,120293,128817,137342,148314,159286,1385,1304
Coquimbo,CANTO DE AGUA,14604,15740,16875,20282,24824,43634,54989,120607,131962,143317,154672,167639,182358,197076,1714,1613
Coquimbo,CONAY,14604,15740,16875,20282,24824,43634,54989,120607,131962,143317,154672,167639,182358,197076,1714,1613
Coquimbo,CARRIZAL BAJO,14604,15740,16875,20282,24824,43634,54989,120607,131962,143317,154672,167639,182358,197076,1714,1613
Coquimbo,PICHICUY,15901,16411,16922,18452,20492,34126,39227,95344,100445,105546,110647,115749,123842,131935,1147,1080
Coquimbo,CAIMANES,16994,17712,18430,20583,23454,35644,42822,98533,105711,112889,120067,127246,136872,146498,1274,1199
Coquimbo,CHILLEPIN,45332,45452,45572,45931,46409,48441,49637,58922,60119,61315,62511,63708,65312,66916,212,200
Coquimbo,PALQUIAL,45332,45452,45572,45931,46409,48441,49637,58922,60119,61315,62511,63708,65312,66916,212,200
Coquimbo,LA JARILLA,45332,45452,45572,45931,46409,48441,49637,58922,60119,61315,62511,63708,65312,66916,212,200
Valparaíso,VINA DEL MAR,2347,2431,2515,2768,3106,5526,6370,15868,16712,17556,18400,19243,20586,21928,191,180
Valparaíso,LA CALERA,2650,2735,2820,3075,3415,5688,6538,15891,16741,17591,18441,19291,20640,21989,191,180
Valparaíso,LA LIGUA,2650,2735,2820,3075,3415,5688,6538,15891,16741,17591,18441,19291,20640,21989,191,180
Valparaíso,PLAYA ANCHA,2347,2431,2515,2768,3106,5526,6370,15868,16712,17556,18400,19243,20586,21928,191,180
Valparaíso,QUILPUE,2347,2431,2515,2768,3106,5526,6370,15868,16712,17556,18400,19243,20586,21928,191,180
Valparaíso,RENACA,2347,2431,2515,2768,3106,5526,6370,15868,16712,17556,18400,19243,20586,21928,191,180
Valparaíso,VALPARAISO,2347,2431,2515,2768,3106,5526,6370,15868,16712,17556,18400,19243,20586,21928,191,180
Valparaíso,LLAILLAY,2650,2735,2820,3075,3415,5688,6538,15891,16741,17591,18441,19291,20640,21989,191,180
Valparaíso,EL MELON,2650,2735,2820,3075,3415,5688,6538,15891,16741,17591,18441,19291,20640,21989,191,180
Valparaíso,PUCHUNCAVI,2650,2735,2820,3075,3415,5688,6538,15891,16741,17591,18441,19291,20640,21989,191,180
Valparaíso,VILLA ALEMANA,2347,2431,2515,2768,3106,5526,6370,15868,16712,17556,18400,19243,20586,21928,191,180
Valparaíso,QUILLOTA,2650,2735,2820,3075,3415,5688,6538,15891,16741,17591,18441,19291,20640,21989,191,180
Valparaíso,SAN FELIPE,2650,2735,2820,3075,3415,5688,6538,15891,16741,17591,18441,19291,20640,21989,191,180
Valparaíso,LOS ANDES,2650,2735,2820,3075,3415,5688,6538,15891,16741,17591,18441,19291,20640,21989,191,180
Valparaíso,LA CRUZ,2650,2735,2820,3075,3415,5688,6538,15891,16741,17591,18441,19291,20640,21989,191,180
Valparaíso,HIJUELAS,2650,2735,2820,3075,3415,5688,6538,15891,16741,17591,18441,19291,20640,21989,191,180
Valparaíso,CURAUMA,2347,2431,2515,2768,3106,5526,6370,15868,16712,17556,18400,19243,20586,21928,191,180
Valparaíso,CONCON,2347,2431,2515,2768,3106,5526,6370,15868,16712,17556,18400,19243,20586,21928,191,180
Valparaíso,BELLOTO,2347,2431,2515,2768,3106,5526,6370,15868,16712,17556,18400,19243,20586,21928,191,180
Valparaíso,QUINTERO,2347,2431,2515,2768,3106,5526,6370,15868,16712,17556,18400,19243,20586,21928,191,180
Valparaíso,SAN ANTONIO,2353,2439,2524,2779,3119,5539,6389,15891,16741,17591,18441,19291,20640,21989,191,180
Valparaíso,NOGALES,2650,2735,2820,3075,3415,5688,6538,15891,16741,17591,18441,19291,20640,21989,191,180
Valparaíso,LLOLLEO,2353,2439,2524,2779,3119,5539,6389,15891,16741,17591,18441,19291,20640,21989,191,180
Valparaíso,ARTIFICIO,2650,2735,2820,3075,3415,5688,6538,15891,16741,17591,18441,19291,20640,21989,191,180
Valparaíso,PLACILLA (VINA DEL MAR),2347,2431,2515,2768,3106,5526,6370,15868,16712,17556,18400,19243,20586,21928,191,180
Valparaíso,SAN PEDRO DE QUILLOTA,2650,2735,2820,3075,3415,5688,6538,15891,16741,17591,18441,19291,20640,21989,191,180
Valparaíso,OCOA,2650,2735,2820,3075,3415,5688,6538,15891,16741,17591,18441,19291,20640,21989,191,180
Valparaíso,SAN ISIDRO DE QUILLOTA,2650,2735,2820,3075,3415,5688,6538,15891,16741,17591,18441,19291,20640,21989,191,180
Valparaíso,LA PALMA DE QUILLOTA,2650,2735,2820,3075,3415,5688,6538,15891,16741,17591,18441,19291,20640,21989,191,180
Valparaíso,LIMACHE,2853,2954,3055,3357,3760,6486,7493,18377,19385,20392,21399,22406,23987,25568,222,209
Valparaíso,OLMUE,3349,3468,3586,3941,4413,7614,8797,21573,22756,23938,25121,26303,28159,30014,261,246
Valparaíso,MARBELLA,3710,3829,3948,4305,4782,7963,9153,22247,23437,24627,25818,27008,28896,30785,268,252
Valparaíso,PAPUDO,3710,3829,3948,4305,4782,7963,9153,22247,23437,24627,25818,27008,28896,30785,268,252
Valparaíso,MAITENCILLO,3710,3829,3948,4305,4782,7963,9153,22247,23437,24627,25818,27008,28896,30785,268,252
Valparaíso,CABILDO,3975,4103,4230,4613,5123,8531,9807,23836,25111,26387,27662,28937,30960,32984,287,270
Valparaíso,CATEMU,4240,4376,4512,4921,5465,9100,10461,25425,26785,28146,29506,30866,33024,35183,306,288
Valparaíso,ZAPALLAR,5079,5499,5918,7176,8854,15050,19244,40849,45043,49237,53431,57625,62861,68098,592,558
Valparaíso,SAN ESTEBAN,5300,5470,5641,6151,6831,11375,13076,31781,33482,35182,36882,38583,41281,43978,382,360
Valparaíso,CATAPILCO,5300,5470,5641,6151,6831,11375,13076,31781,33482,35182,36882,38583,41281,43978,382,360
Valparaíso,LAS CRUCES,4707,4877,5047,5557,6237,11078,12779,31781,33482,35182,36882,38583,41281,43978,382,360
Valparaíso,CACHAGUA,5300,5470,5641,6151,6831,11375,13076,31781,33482,35182,36882,38583,41281,43978,382,360
Valparaíso,EL TABO,4707,4877,5047,5557,6237,11078,12779,31781,33482,35182,36882,38583,41281,43978,382,360
Valparaíso,ISLA NEGRA,4707,4877,5047,5557,6237,11078,12779,31781,33482,35182,36882,38583,41281,43978,382,360
Valparaíso,SAN SEBASTIAN,4707,4877,5047,5557,6237,11078,12779,31781,33482,35182,36882,38583,41281,43978,382,360
Valparaíso,RINCONADA,5300,5470,5641,6151,6831,11375,13076,31781,33482,35182,36882,38583,41281,43978,382,360
Valparaíso,LAGUNA VERDE,4693,4862,5031,5537,6212,11053,12741,31736,33424,35112,36799,38487,41172,43857,381,359
Valparaíso,SANTA MARIA,5300,5470,5641,6151,6831,11375,13076,31781,33482,35182,36882,38583,41281,43978,382,360
Valparaíso,CASABLANCA,4693,4862,5031,5537,6212,11053,12741,31736,33424,35112,36799,38487,41172,43857,381,359
Valparaíso,PENABLANCA,4693,4862,5031,5537,6212,11053,12741,31736,33424,35112,36799,38487,41172,43857,381,359
Valparaíso,CALLE LARGA,5300,5470,5641,6151,6831,11375,13076,31781,33482,35182,36882,38583,41281,43978,382,360
Valparaíso,ALGARROBO,4707,4877,5047,5557,6237,11078,12779,31781,33482,35182,36882,38583,41281,43978,382,360
Valparaíso,EL QUISCO,4707,4877,5047,5557,6237,11078,12779,31781,33482,35182,36882,38583,41281,43978,382,360
Valparaíso,CARTAGENA,4707,4877,5047,5557,6237,11078,12779,31781,33482,35182,36882,38583,41281,43978,382,360
Valparaíso,ROCAS DE SANTO DOMINGO,4707,4877,5047,5557,6237,11078,12779,31781,33482,35182,36882,38583,41281,43978,382,360
Valparaíso,HORCON,5300,5470,5641,6151,6831,11375,13076,31781,33482,35182,36882,38583,41281,43978,382,360
Valparaíso,PANQUEHUE,5300,5470,5641,6151,6831,11375,13076,31781,33482,35182,36882,38583,41281,43978,382,360
Valparaíso,PUTAENDO,5300,5470,5641,6151,6831,11375,13076,31781,33482,35182,36882,38583,41281,43978,382,360
Valparaíso,LA DORMIDA,4962,5137,5312,5838,6538,11280,13032,31961,33712,35464,37216,38967,41717,44466,387,364
Valparaíso,LOS MOLLES,5300,5470,5641,6151,6831,11375,13076,31781,33482,35182,36882,38583,41281,43978,382,360
Valparaíso,CURIMON,5300,5470,5641,6151,6831,11375,13076,31781,33482,35182,36882,38583,41281,43978,382,360
Valparaíso,PUNTA DE TRALCA,4707,4877,5047,5557,6237,11078,12779,31781,33482,35182,36882,38583,41281,43978,382,360
Valparaíso,LEYDA,4707,4877,5047,5557,6237,11078,12779,31781,33482,35182,36882,38583,41281,43978,382,360
Valparaíso,LAGUNILLAS,4693,4862,5031,5537,6212,11053,12741,31736,33424,35112,36799,38487,41172,43857,381,359
Valparaíso,MINCHA,5665,5904,6143,6861,7818,11881,14274,32844,35237,37630,40022,42415,45624,48833,425,400
Valparaíso,LAS DICHAS,4693,4862,5031,5537,6212,11053,12741,31736,33424,35112,36799,38487,41172,43857,381,359
Valparaíso,EL SAUCE,5300,5470,5641,6151,6831,11375,13076,31781,33482,35182,36882,38583,41281,43978,382,360
Valparaíso,TABOLANGO,4962,5137,5312,5838,6538,11280,13032,31961,33712,35464,37216,38967,41717,44466,387,364
Valparaíso,BOCO DE QUILLOTA,5300,5470,5641,6151,6831,11375,13076,31781,33482,35182,36882,38583,41281,43978,382,360
Valparaíso,QUEBRADA DE ALVARADO,4962,5137,5312,5838,6538,11280,13032,31961,33712,35464,37216,38967,41717,44466,387,364
Valparaíso,PETORCA,7951,8206,8461,9226,10246,17063,19613,47672,50222,52773,55324,57874,61921,65968,574,540
Valparaíso,QUINTAY,7040,7293,7546,8305,9318,16579,19111,47605,50136,52667,55199,57730,61757,65785,572,539
Valparaíso,LAS VENTANAS,7951,8206,8461,9226,10246,17063,19613,47672,50222,52773,55324,57874,61921,65968,574,540
Valparaíso,ALICAHUE,7951,8206,8461,9226,10246,17063,19613,47672,50222,52773,55324,57874,61921,65968,574,540
Valparaíso,MATANZAS,7060,7316,7571,8336,9356,16618,19168,47672,50222,52773,55324,57874,61921,65968,574,540
Valparaíso,COLLIGUAY,7040,7293,7546,8305,9318,16579,19111,47605,50136,52667,55199,57730,61757,65785,572,539
Valparaíso,LA RETUCA,7040,7293,7546,8305,9318,16579,19111,47605,50136,52667,55199,57730,61757,65785,572,539
Valparaíso,PORTILLO,10601,10941,11281,12301,13662,22750,26151,63562,66963,70364,73765,77166,82561,87957,765,720
Valparaíso,SALADILLO,10601,10941,11281,12301,13662,22750,26151,63562,66963,70364,73765,77166,82561,87957,765,720
Valparaíso,RINCONADA DE SILVA,10601,10941,11281,12301,13662,22750,26151,63562,66963,70364,73765,77166,82561,87957,765,720
Valparaíso,RINCONADA DE GUZMAN,10601,10941,11281,12301,13662,22750,26151,63562,66963,70364,73765,77166,82561,87957,765,720
Valparaíso,GUARDIA VIEJA,10601,10941,11281,12301,13662,22750,26151,63562,66963,70364,73765,77166,82561,87957,765,720
Valparaíso,CHILCAS,10601,10941,11281,12301,13662,22750,26151,63562,66963,70364,73765,77166,82561,87957,765,720
Valparaíso,TUNQUEN,9386,9724,10061,11074,12424,22106,25481,63473,66848,70223,73598,76973,82343,87713,763,718
Valparaíso,MONTENEGRO,12808,13141,13474,14474,15807,22542,25874,45526,48858,52190,55522,58854,64634,70414,612,576
Valparaíso,MANDINGA,12808,13141,13474,14474,15807,22542,25874,45526,48858,52190,55522,58854,64634,70414,612,576
Valparaíso,QUELON,16994,17712,18430,20583,23454,35644,42822,98533,105711,112889,120067,127246,136872,146498,1274,1199
Valparaíso,ISLA JUAN FERNANDEZ,29885,30662,31440,33772,36882,52598,60373,106227,114002,121777,129551,137326,150813,164299,1429,1345
Valparaíso,EL MANZANAR,21936,22021,22106,22361,22701,24973,25824,35176,36027,36877,37727,38577,39926,41275,191,180
Valparaíso,HUINTIL,32582,32702,32822,33181,33659,35691,36887,46172,47369,48565,49761,50958,52562,54166,212,200
RM,SANTIAGO,2135,2190,2246,2412,2634,3757,4312,7588,8143,8698,9254,9809,10772,11736,102,96
RM,LAMPA,2562,2628,2695,2895,3161,4508,5175,9105,9772,10438,11104,11771,12927,14083,122,115
RM,BUIN,2775,2847,2919,3136,3425,4884,5606,9864,10586,11308,12030,12752,14004,15256,133,125
RM,COLINA,2775,2847,2919,3136,3425,4884,5606,9864,10586,11308,12030,12752,14004,15256,133,125
RM,CHICUREO,2775,2847,2919,3136,3425,4884,5606,9864,10586,11308,12030,12752,14004,15256,133,125
RM,CAJON DEL MAIPO,4269,4380,4491,4825,5269,7514,8625,15175,16286,17397,18507,19618,21545,23471,204,192
RM,CURACAVI,4269,4380,4491,4825,5269,7514,8625,15175,16286,17397,18507,19618,21545,23471,204,192
RM,EL MONTE,4269,4380,4491,4825,5269,7514,8625,15175,16286,17397,18507,19618,21545,23471,204,192
RM,ISLA DE MAIPO,4269,4380,4491,4825,5269,7514,8625,15175,16286,17397,18507,19618,21545,23471,204,192
RM,LONQUEN,4269,4380,4491,4825,5269,7514,8625,15175,16286,17397,18507,19618,21545,23471,204,192
RM,MAIPO,4269,4380,4491,4825,5269,7514,8625,15175,16286,17397,18507,19618,21545,23471,204,192
RM,MALLOCO,4269,4380,4491,4825,5269,7514,8625,15175,16286,17397,18507,19618,21545,23471,204,192
RM,MARIA PINTO,4269,4380,4491,4825,5269,7514,8625,15175,16286,17397,18507,19618,21545,23471,204,192
RM,MELIPILLA,4269,4380,4491,4825,5269,7514,8625,15175,16286,17397,18507,19618,21545,23471,204,192
RM,PADRE HURTADO,4269,4380,4491,4825,5269,7514,8625,15175,16286,17397,18507,19618,21545,23471,204,192
RM,PAINE,4269,4380,4491,4825,5269,7514,8625,15175,16286,17397,18507,19618,21545,23471,204,192
RM,PENAFLOR,4269,4380,4491,4825,5269,7514,8625,15175,16286,17397,18507,19618,21545,23471,204,192
RM,PIRQUE,4269,4380,4491,4825,5269,7514,8625,15175,16286,17397,18507,19618,21545,23471,204,192
RM,SAN JOSE DE MAIPO,4269,4380,4491,4825,5269,7514,8625,15175,16286,17397,18507,19618,21545,23471,204,192
RM,TALAGANTE,4269,4380,4491,4825,5269,7514,8625,15175,16286,17397,18507,19618,21545,23471,204,192
RM,CALERA DE TANGO,4269,4380,4491,4825,5269,7514,8625,15175,16286,17397,18507,19618,21545,23471,204,192
RM,NOS,4269,4380,4491,4825,5269,7514,8625,15175,16286,17397,18507,19618,21545,23471,204,192
RM,SANTA ROSA DE CHENA,4269,4380,4491,4825,5269,7514,8625,15175,16286,17397,18507,19618,21545,23471,204,192
RM,LINDEROS,4269,4380,4491,4825,5269,7514,8625,15175,16286,17397,18507,19618,21545,23471,204,192
RM,TILTIL,4269,4380,4491,4825,5269,7514,8625,15175,16286,17397,18507,19618,21545,23471,204,192
RM,FARELLONES,4269,4380,4491,4825,5269,7514,8625,15175,16286,17397,18507,19618,21545,23471,204,192
RM,HOSPITAL,4269,4380,4491,4825,5269,7514,8625,15175,16286,17397,18507,19618,21545,23471,204,192
RM,SAN PEDRO DE MELIPILLA,4269,4380,4491,4825,5269,7514,8625,15175,16286,17397,18507,19618,21545,23471,204,192
RM,VALDIVIA DE PAINE,4269,4380,4491,4825,5269,7514,8625,15175,16286,17397,18507,19618,21545,23471,204,192
RM,BATUCO (RM),4269,4380,4491,4825,5269,7514,8625,15175,16286,17397,18507,19618,21545,23471,204,192
RM,LOMAS DE LO AGUIRRE,4269,4380,4491,4825,5269,7514,8625,15175,16286,17397,18507,19618,21545,23471,204,192
RM,NOVICIADO,4269,4380,4491,4825,5269,7514,8625,15175,16286,17397,18507,19618,21545,23471,204,192
RM,LA PARVA,4269,4380,4491,4825,5269,7514,8625,15175,16286,17397,18507,19618,21545,23471,204,192
RM,CIUDAD DE LOS VALLES,4269,4380,4491,4825,5269,7514,8625,15175,16286,17397,18507,19618,21545,23471,204,192
RM,EL COLORADO,4269,4380,4491,4825,5269,7514,8625,15175,16286,17397,18507,19618,21545,23471,204,192
RM,VALLE NEVADO,4269,4380,4491,4825,5269,7514,8625,15175,16286,17397,18507,19618,21545,23471,204,192
RM,SAN GABRIEL,4269,4380,4491,4825,5269,7514,8625,15175,16286,17397,18507,19618,21545,23471,204,192
RM,LAS VERTIENTES,4269,4380,4491,4825,5269,7514,8625,15175,16286,17397,18507,19618,21545,23471,204,192
RM,SAN ALFONSO,4269,4380,4491,4825,5269,7514,8625,15175,16286,17397,18507,19618,21545,23471,204,192
RM,LO VALDES,4269,4380,4491,4825,5269,7514,8625,15175,16286,17397,18507,19618,21545,23471,204,192
RM,RUNGUE,4269,4380,4491,4825,5269,7514,8625,15175,16286,17397,18507,19618,21545,23471,204,192
RM,EL INGENIO,4269,4380,4491,4825,5269,7514,8625,15175,16286,17397,18507,19618,21545,23471,204,192
RM,LAGUNA ACULEO,4269,4380,4491,4825,5269,7514,8625,15175,16286,17397,18507,19618,21545,23471,204,192
RM,ALTO EL CANELO,4269,4380,4491,4825,5269,7514,8625,15175,16286,17397,18507,19618,21545,23471,204,192
RM,HUELQUEN,4269,4380,4491,4825,5269,7514,8625,15175,16286,17397,18507,19618,21545,23471,204,192
RM,EL CANELO,4269,4380,4491,4825,5269,7514,8625,15175,16286,17397,18507,19618,21545,23471,204,192
RM,ALHUE,6404,6571,6737,7237,7903,11271,12937,22763,24429,26095,27761,29427,32317,35207,306,288
RM,CHAMPA,12808,13141,13474,14474,15807,22542,25874,45526,48858,52190,55522,58854,64634,70414,612,576
RM,EL MELOCOTON,12808,13141,13474,14474,15807,22542,25874,45526,48858,52190,55522,58854,64634,70414,612,576
RM,POLPAICO,12808,13141,13474,14474,15807,22542,25874,45526,48858,52190,55522,58854,64634,70414,612,576
RM,CODIGUA,12808,13141,13474,14474,15807,22542,25874,45526,48858,52190,55522,58854,64634,70414,612,576
RM,SAN MANUEL,12808,13141,13474,14474,15807,22542,25874,45526,48858,52190,55522,58854,64634,70414,612,576
RM,POMAIRE,12808,13141,13474,14474,15807,22542,25874,45526,48858,52190,55522,58854,64634,70414,612,576
RM,LOS MAITENES,12808,13141,13474,14474,15807,22542,25874,45526,48858,52190,55522,58854,64634,70414,612,576
RM,LO CHACON,12808,13141,13474,14474,15807,22542,25874,45526,48858,52190,55522,58854,64634,70414,612,576
RM,LA OBRA,12808,13141,13474,14474,15807,22542,25874,45526,48858,52190,55522,58854,64634,70414,612,576
RM,JUNCAL,12808,13141,13474,14474,15807,22542,25874,45526,48858,52190,55522,58854,64634,70414,612,576
RM,GUAYACAN,12808,13141,13474,14474,15807,22542,25874,45526,48858,52190,55522,58854,64634,70414,612,576
RM,EL MEMBRILLO,12808,13141,13474,14474,15807,22542,25874,45526,48858,52190,55522,58854,64634,70414,612,576
RM,CULIPRAN,12808,13141,13474,14474,15807,22542,25874,45526,48858,52190,55522,58854,64634,70414,612,576
RM,CHOCALAN,12808,13141,13474,14474,15807,22542,25874,45526,48858,52190,55522,58854,64634,70414,612,576
RM,BOLLENAR,12808,13141,13474,14474,15807,22542,25874,45526,48858,52190,55522,58854,64634,70414,612,576
RM,ALTO JAHUEL,12808,13141,13474,14474,15807,22542,25874,45526,48858,52190,55522,58854,64634,70414,612,576
O’Higgins,RANCAGUA,2362,2446,2530,2781,3116,5185,6022,15166,16003,16841,17678,18515,19761,21006,183,172
O’Higgins,RENGO,2362,2446,2530,2781,3116,5185,6022,15166,16003,16841,17678,18515,19761,21006,183,172
O’Higgins,SAN FERNANDO,2362,2446,2530,2781,3133,5237,6118,15318,16199,17080,17961,18842,20131,21420,186,175
O’Higgins,CHEPICA,2362,2446,2530,2781,3133,5237,6118,15318,16199,17080,17961,18842,20131,21420,186,175
O’Higgins,PALMILLA SAN FERNANDO,2362,2446,2530,2781,3133,5237,6118,15318,16199,17080,17961,18842,20131,21420,186,175
O’Higgins,SANTA CRUZ,2716,2813,2909,3198,3603,6023,7036,17616,18629,19642,20655,21669,23151,24633,214,202
O’Higgins,MACHALI,2716,2813,2909,3198,3583,5963,6926,17441,18404,19367,20330,21293,22725,24157,210,198
O’Higgins,GRANEROS,2834,2935,3035,3337,3739,6222,7227,18199,19204,20209,21213,22218,23713,25207,219,206
O’Higgins,SAN VICENTE DE TAGUATAGUA,2929,3033,3137,3448,3885,6494,7587,18995,20087,21180,22272,23364,24963,26561,231,217
O’Higgins,REQUINOA,4724,4892,5059,5561,6231,10370,12045,30331,32006,33681,35356,37031,39521,42012,365,344
O’Higgins,DONIHUE,4724,4892,5059,5561,6231,10370,12045,30331,32006,33681,35356,37031,39521,42012,365,344
O’Higgins,OLIVAR ALTO,4724,4892,5059,5561,6231,10370,12045,30331,32006,33681,35356,37031,39521,42012,365,344
O’Higgins,CODEGUA,4724,4892,5059,5561,6231,10370,12045,30331,32006,33681,35356,37031,39521,42012,365,344
O’Higgins,COINCO,4724,4892,5059,5561,6231,10370,12045,30331,32006,33681,35356,37031,39521,42012,365,344
O’Higgins,LO MIRANDA,4724,4892,5059,5561,6231,10370,12045,30331,32006,33681,35356,37031,39521,42012,365,344
O’Higgins,PELEQUEN,4724,4892,5059,5561,6231,10370,12045,30331,32006,33681,35356,37031,39521,42012,365,344
O’Higgins,QUINTA DE TILCOCO,4724,4892,5059,5561,6231,10370,12045,30331,32006,33681,35356,37031,39521,42012,365,344
O’Higgins,CHIMBARONGO,4724,4892,5059,5562,6267,10475,12237,30637,32399,34161,35922,37684,40262,42840,373,351
O’Higgins,CUNACO,4724,4892,5059,5562,6267,10475,12237,30637,32399,34161,35922,37684,40262,42840,373,351
O’Higgins,NANCAGUA,4724,4892,5059,5562,6267,10475,12237,30637,32399,34161,35922,37684,40262,42840,373,351
O’Higgins,PERALILLO,4724,4892,5059,5562,6267,10475,12237,30637,32399,34161,35922,37684,40262,42840,373,351
O’Higgins,ROSARIO,4724,4892,5059,5561,6231,10370,12045,30331,32006,33681,35356,37031,39521,42012,365,344
O’Higgins,PLACILLA (SAN FERNANDO),4724,4892,5059,5562,6267,10475,12237,30637,32399,34161,35922,37684,40262,42840,373,351
O’Higgins,SAN FRANCISCO DE MOSTAZAL,4724,4892,5059,5561,6231,10370,12045,30331,32006,33681,35356,37031,39521,42012,365,344
O’Higgins,COLTAUCO,4724,4892,5059,5561,6231,10370,12045,30331,32006,33681,35356,37031,39521,42012,365,344
O’Higgins,BUCALEMU,4724,4892,5059,5562,6267,10475,12237,30637,32399,34161,35922,37684,40262,42840,373,351
O’Higgins,LOLOL,4724,4892,5059,5562,6267,10475,12237,30637,32399,34161,35922,37684,40262,42840,373,351
O’Higgins,MARCHIHUE,4724,4892,5059,5562,6267,10475,12237,30637,32399,34161,35922,37684,40262,42840,373,351
O’Higgins,POPETA,4724,4892,5059,5561,6231,10370,12045,30331,32006,33681,35356,37031,39521,42012,365,344
O’Higgins,LA CEBADA,4724,4892,5059,5562,6267,10475,12237,30637,32399,34161,35922,37684,40262,42840,373,351
O’Higgins,AGUA BUENA,4724,4892,5059,5562,6267,10475,12237,30637,32399,34161,35922,37684,40262,42840,373,351
O’Higgins,LARMAHUE,4724,4892,5059,5561,6231,10370,12045,30331,32006,33681,35356,37031,39521,42012,365,344
O’Higgins,OLIVAR BAJO,4724,4892,5059,5561,6231,10370,12045,30331,32006,33681,35356,37031,39521,42012,365,344
O’Higgins,PUENTE NEGRO,4724,4892,5059,5562,6267,10475,12237,30637,32399,34161,35922,37684,40262,42840,373,351
O’Higgins,LOS LINGUES,4724,4892,5059,5562,6267,10475,12237,30637,32399,34161,35922,37684,40262,42840,373,351
O’Higgins,MALLOA,7086,7337,7589,8342,9347,15555,18067,45497,48009,50522,53034,55546,59282,63018,548,516
O’Higgins,PICHILEMU,7086,7337,7589,8343,9400,15712,18355,45955,48598,51241,53884,56527,60394,64260,559,526
O’Higgins,CALETONES,7086,7337,7589,8342,9347,15555,18067,45497,48009,50522,53034,55546,59282,63018,548,516
O’Higgins,LA ESTRELLA,7060,7316,7571,8336,9356,16618,19168,47672,50222,52773,55324,57874,61921,65968,574,540
O’Higgins,LITUECHE,7060,7316,7571,8336,9356,16618,19168,47672,50222,52773,55324,57874,61921,65968,574,540
O’Higgins,NAVIDAD,7060,7316,7571,8336,9356,16618,19168,47672,50222,52773,55324,57874,61921,65968,574,540
O’Higgins,COYA,7086,7337,7589,8342,9347,15555,18067,45497,48009,50522,53034,55546,59282,63018,548,516
O’Higgins,PAREDONES,7086,7337,7589,8343,9400,15712,18355,45955,48598,51241,53884,56527,60394,64260,559,526
O’Higgins,PUMANQUE,7086,7337,7589,8343,9400,15712,18355,45955,48598,51241,53884,56527,60394,64260,559,526
O’Higgins,SEWELL,7086,7337,7589,8342,9347,15555,18067,45497,48009,50522,53034,55546,59282,63018,548,516
O’Higgins,LAS NIEVES,7086,7337,7589,8343,9400,15712,18355,45955,48598,51241,53884,56527,60394,64260,559,526
O’Higgins,CIRUELOS,7086,7337,7589,8343,9400,15712,18355,45955,48598,51241,53884,56527,60394,64260,559,526
O’Higgins,CAHUIL,7086,7337,7589,8343,9400,15712,18355,45955,48598,51241,53884,56527,60394,64260,559,526
O’Higgins,LAS CABRAS,9448,9783,10118,11123,12463,20740,24089,60663,64013,67362,70712,74061,79043,84024,731,688
O’Higgins,PICHIDEGUA,9448,9783,10118,11123,12463,20740,24089,60663,64013,67362,70712,74061,79043,84024,731,688
O’Higgins,PEUMO,9448,9783,10118,11123,12463,20740,24089,60663,64013,67362,70712,74061,79043,84024,731,688
O’Higgins,RAPEL,9448,9783,10118,11123,12463,20740,24089,60663,64013,67362,70712,74061,79043,84024,731,688
O’Higgins,EL MANZANO,14172,14675,15177,16684,18694,31110,36134,90994,96019,101043,106067,111092,118564,126036,1096,1032
O’Higgins,TOPOCALMA,14172,14675,15177,16685,18800,31424,36710,91910,97196,102482,107767,113053,120787,128521,1118,1052
O’Higgins,PUERTECILLO,14172,14675,15177,16685,18800,31424,36710,91910,97196,102482,107767,113053,120787,128521,1118,1052
O’Higgins,VILLA ALHUE,12808,13141,13474,14474,15807,22542,25874,45526,48858,52190,55522,58854,64634,70414,612,576
O’Higgins,COCHAMO,30796,32867,34938,41151,49435,78958,99667,219545,240254,260963,281672,311274,337640,364007,3165,2980
O’Higgins,LA RUFINA,38076,38160,38244,38495,38848,40952,41833,51033,51914,52795,53676,54556,55845,57134,186,175
Maule,CURICO,2393,2490,2586,2876,3262,5386,6352,15614,16580,17546,18511,19477,20850,22224,193,182
Maule,TALCA,2450,2556,2662,2980,3405,5554,6616,15951,17013,18074,19136,20198,21668,23137,201,189
Maule,CAUQUENES,2694,2811,2928,3278,3746,6109,7277,17546,18714,19882,21050,22218,23834,25451,221,208
Maule,RAUQUEN,2393,2490,2586,2876,3262,5386,6352,15614,16580,17546,18511,19477,20850,22224,193,182
Maule,CONSTITUCION,2817,2939,3061,3427,3916,6387,7608,18344,19565,20786,22007,23228,24918,26608,231,218
Maule,PARRAL,3184,3322,3460,3874,4427,7220,8600,20736,22117,23497,24877,26257,28168,30079,262,246
Maule,RETIRO,3184,3322,3460,3874,4427,7220,8600,20736,22117,23497,24877,26257,28168,30079,262,246
Maule,EMPEDRADO,3184,3322,3460,3874,4427,7220,8600,20736,22117,23497,24877,26257,28168,30079,262,246
Maule,CHANCO,3674,3834,3993,4471,5108,8331,9924,23927,25519,27112,28704,30297,32502,34706,302,284
Maule,CURANIPE,3674,3834,3993,4471,5108,8331,9924,23927,25519,27112,28704,30297,32502,34706,302,284
Maule,PELLUHUE,3674,3834,3993,4471,5108,8331,9924,23927,25519,27112,28704,30297,32502,34706,302,284
MAULE,CAMARICO,4899,5111,5324,5961,6810,11108,13231,31902,34025,36149,38272,40396,43335,46275,402,379
Maule,MAULE,4899,5111,5324,5961,6810,11108,13231,31902,34025,36149,38272,40396,43335,46275,402,379
Maule,SAN CLEMENTE,4899,5111,5324,5961,6810,11108,13231,31902,34025,36149,38272,40396,43335,46275,402,379
Maule,SAN JAVIER,4899,5111,5324,5961,6810,11108,13231,31902,34025,36149,38272,40396,43335,46275,402,379
Maule,VILLA ALEGRE,4899,5111,5324,5961,6810,11108,13231,31902,34025,36149,38272,40396,43335,46275,402,379
Maule,MOLINA,4787,4980,5173,5752,6525,10773,12704,31229,33160,35091,37022,38954,41701,44448,387,364
Maule,TENO,4787,4980,5173,5752,6525,10773,12704,31229,33160,35091,37022,38954,41701,44448,387,364
Maule,SAGRADA FAMILIA,4787,4980,5173,5752,6525,10773,12704,31229,33160,35091,37022,38954,41701,44448,387,364
Maule,LINARES,4899,5111,5324,5961,6810,11108,13231,31902,34025,36149,38272,40396,43335,46275,402,379
Maule,RIO CLARO,4899,5111,5324,5961,6810,11108,13231,31902,34025,36149,38272,40396,43335,46275,402,379
Maule,HUALANE,4787,4980,5173,5752,6525,10773,12704,31229,33160,35091,37022,38954,41701,44448,387,364
Maule,LICANTEN,4787,4980,5173,5752,6525,10773,12704,31229,33160,35091,37022,38954,41701,44448,387,364
Maule,RAUCO,4787,4980,5173,5752,6525,10773,12704,31229,33160,35091,37022,38954,41701,44448,387,364
Maule,ROMERAL,4787,4980,5173,5752,6525,10773,12704,31229,33160,35091,37022,38954,41701,44448,387,364
Maule,CUREPTO,4899,5111,5324,5961,6810,11108,13231,31902,34025,36149,38272,40396,43335,46275,402,379
Maule,PELARCO,4899,5111,5324,5961,6810,11108,13231,31902,34025,36149,38272,40396,43335,46275,402,379
Maule,PENCAHUE,4899,5111,5324,5961,6810,11108,13231,31902,34025,36149,38272,40396,43335,46275,402,379
Maule,SAN RAFAEL,4899,5111,5324,5961,6810,11108,13231,31902,34025,36149,38272,40396,43335,46275,402,379
Maule,YERBAS BUENAS,4899,5111,5324,5961,6810,11108,13231,31902,34025,36149,38272,40396,43335,46275,402,379
Maule,LONGAVI,4899,5111,5324,5961,6810,11108,13231,31902,34025,36149,38272,40396,43335,46275,402,379
Maule,LONTUE,4787,4980,5173,5752,6525,10773,12704,31229,33160,35091,37022,38954,41701,44448,387,364
Maule,CUMPEO,4899,5111,5324,5961,6810,11108,13231,31902,34025,36149,38272,40396,43335,46275,402,379
Maule,BATUCO (TALCA),4899,5111,5324,5961,6810,11108,13231,31902,34025,36149,38272,40396,43335,46275,402,379
Maule,LOS NICHES,4787,4980,5173,5752,6525,10773,12704,31229,33160,35091,37022,38954,41701,44448,387,364
Maule,LO VALDIVIA,4787,4980,5173,5752,6525,10773,12704,31229,33160,35091,37022,38954,41701,44448,387,364
Maule,NIRIVILO,4899,5111,5324,5961,6810,11108,13231,31902,34025,36149,38272,40396,43335,46275,402,379
Maule,BOBADILLA,4899,5111,5324,5961,6810,11108,13231,31902,34025,36149,38272,40396,43335,46275,402,379
Maule,GUALLECO,4899,5111,5324,5961,6810,11108,13231,31902,34025,36149,38272,40396,43335,46275,402,379
Maule,CULENAR,4899,5111,5324,5961,6810,11108,13231,31902,34025,36149,38272,40396,43335,46275,402,379
Maule,VILLA PRAT,4787,4980,5173,5752,6525,10773,12704,31229,33160,35091,37022,38954,41701,44448,387,364
Maule,VICHUQUEN,7180,7469,7759,8628,9787,16159,19056,46843,49740,52637,55534,58430,62551,66672,580,546
Maule,COLBUN,7349,7667,7986,8941,10215,16662,19847,47853,51038,54223,57409,60594,65003,69412,604,568
Maule,ILOCA,7180,7469,7759,8628,9787,16159,19056,46843,49740,52637,55534,58430,62551,66672,580,546
Maule,SAN PEDRO DE ALCANTARA,7349,7667,7986,8941,10215,16662,19847,47853,51038,54223,57409,60594,65003,69412,604,568
Maule,LLICO,7180,7469,7759,8628,9787,16159,19056,46843,49740,52637,55534,58430,62551,66672,580,546
Maule,PANIMAVIDA,9798,10223,10647,11922,13620,22216,26463,63804,68051,72298,76545,80792,86671,92550,805,758
Maule,DUAO,9573,9959,10345,11504,13049,21546,25408,62458,66320,70183,74045,77907,83402,88896,773,728
Ñuble,CHILLAN,2463,2617,2772,3234,3851,6258,7800,17634,19176,20719,22261,23804,25754,27705,241,227
Ñuble,SAN CARLOS,2463,2617,2772,3234,3851,6258,7800,17634,19176,20719,22261,23804,25754,27705,241,227
Ñuble,COELEMU,2463,2617,2772,3234,3851,6258,7800,17634,19176,20719,22261,23804,25754,27705,241,227
Ñuble,QUILLON,2463,2617,2772,3234,3851,6258,7800,17634,19176,20719,22261,23804,25754,27705,241,227
Ñuble,QUIRIHUE,2450,2556,2662,2980,3405,5554,6616,15951,17013,18074,19136,20198,21668,23137,201,189
Ñuble,BULNES,2463,2617,2772,3234,3851,6258,7800,17634,19176,20719,22261,23804,25754,27705,241,227
Ñuble,SAN GREGORIO,2463,2617,2772,3234,3851,6258,7800,17634,19176,20719,22261,23804,25754,27705,241,227
Ñuble,YUNGAY,3448,3664,3880,4528,5392,8761,10921,24687,26847,29006,31166,33325,36056,38787,337,318
Ñuble,COIHUECO,7390,7852,8315,9703,11554,18774,23401,52901,57529,62156,66784,71411,77263,83114,723,680
Ñuble,PEMUCO,7390,7852,8315,9703,11554,18774,23401,52901,57529,62156,66784,71411,77263,83114,723,680
Ñuble,PINTO,7390,7852,8315,9703,11554,18774,23401,52901,57529,62156,66784,71411,77263,83114,723,680
Ñuble,SAN IGNACIO,7390,7852,8315,9703,11554,18774,23401,52901,57529,62156,66784,71411,77263,83114,723,680
Ñuble,SAN NICOLAS,7390,7852,8315,9703,11554,18774,23401,52901,57529,62156,66784,71411,77263,83114,723,680
Ñuble,COBQUECURA,7349,7667,7986,8941,10215,16662,19847,47853,51038,54223,57409,60594,65003,69412,604,568
Ñuble,NINHUE,7390,7852,8315,9703,11554,18774,23401,52901,57529,62156,66784,71411,77263,83114,723,680
Ñuble,PORTEZUELO,7390,7852,8315,9703,11554,18774,23401,52901,57529,62156,66784,71411,77263,83114,723,680
Ñuble,RANQUIL,7390,7852,8315,9703,11554,18774,23401,52901,57529,62156,66784,71411,77263,83114,723,680
Biobío,CONCEPCION,2463,2617,2772,3234,3851,6258,7800,17634,19176,20719,22261,23804,25754,27705,241,227
Biobío,LOS ANGELES,2562,2734,2907,3424,4113,6569,8292,18265,19988,21711,23434,25156,27287,29418,256,241
Biobío,CABRERO,2463,2617,2772,3234,3851,6258,7800,17634,19176,20719,22261,23804,25754,27705,241,227
Biobío,CANETE,2956,3141,3326,3881,4622,7510,9361,21160,23011,24862,26713,28564,30905,33246,289,272
Biobío,CHIGUAYANTE,2463,2617,2772,3234,3851,6258,7800,17634,19176,20719,22261,23804,25754,27705,241,227
Biobío,HUALPENCILLO,2463,2617,2772,3234,3851,6258,7800,17634,19176,20719,22261,23804,25754,27705,241,227
Biobío,CORONEL,2463,2617,2772,3234,3851,6258,7800,17634,19176,20719,22261,23804,25754,27705,241,227
Biobío,CURANILAHUE,2463,2617,2772,3234,3851,6258,7800,17634,19176,20719,22261,23804,25754,27705,241,227
Biobío,LEBU,2463,2617,2772,3234,3851,6258,7800,17634,19176,20719,22261,23804,25754,27705,241,227
Biobío,LOS ALAMOS,2463,2617,2772,3234,3851,6258,7800,17634,19176,20719,22261,23804,25754,27705,241,227
Biobío,LOTA,2463,2617,2772,3234,3851,6258,7800,17634,19176,20719,22261,23804,25754,27705,241,227
Biobío,MULCHEN,2562,2734,2907,3424,4113,6569,8292,18265,19988,21711,23434,25156,27287,29418,256,241
Biobío,PENCO,2463,2617,2772,3234,3851,6258,7800,17634,19176,20719,22261,23804,25754,27705,241,227
Biobío,ARAUCO,2463,2617,2772,3234,3851,6258,7800,17634,19176,20719,22261,23804,25754,27705,241,227
Biobío,TALCAHUANO,2463,2617,2772,3234,3851,6258,7800,17634,19176,20719,22261,23804,25754,27705,241,227
Biobío,TOME,2463,2617,2772,3234,3851,6258,7800,17634,19176,20719,22261,23804,25754,27705,241,227
Biobío,SAN PEDRO DE LA PAZ,2463,2617,2772,3234,3851,6258,7800,17634,19176,20719,22261,23804,25754,27705,241,227
Biobío,LIRQUEN,2463,2617,2772,3234,3851,6258,7800,17634,19176,20719,22261,23804,25754,27705,241,227
Biobío,NIQUEN,2463,2617,2772,3234,3851,6258,7800,17634,19176,20719,22261,23804,25754,27705,241,227
Biobío,HUALPEN,2463,2617,2772,3234,3851,6258,7800,17634,19176,20719,22261,23804,25754,27705,241,227
Biobío,QUIDICO,3167,3380,3593,4231,5083,8119,10249,22576,24705,26834,28964,31395,34055,36714,319,301
Biobío,ZEMITA,2463,2617,2772,3234,3851,6258,7800,17634,19176,20719,22261,23804,25754,27705,241,227
Biobío,CACHAPOAL CHILLAN,2463,2617,2772,3234,3851,6258,7800,17634,19176,20719,22261,23804,25754,27705,241,227
Biobío,SAN FABIAN DE ALICO,2463,2617,2772,3234,3851,6258,7800,17634,19176,20719,22261,23804,25754,27705,241,227
Biobío,EL CARMEN CHILLAN,2956,3141,3326,3881,4622,7510,9361,21160,23011,24862,26713,28564,30905,33246,289,272
Biobío,YUMBEL,3126,3336,3546,4177,5017,8014,10116,22283,24385,26487,28589,30691,33291,35890,312,294
Biobío,SANTA BARBARA,3151,3363,3575,4211,5059,8080,10199,22466,24585,26704,28823,30942,33563,36184,315,296
Biobío,NACIMIENTO,3177,3391,3604,4245,5100,8145,10282,22649,24785,26921,29058,31194,33836,36479,317,299
Biobío,LAJA,3203,3418,3633,4279,5141,8211,10365,22831,24985,27138,29292,31446,34109,36773,320,301
Biobío,CONTULMO,3203,3418,3633,4279,5141,8211,10365,22831,24985,27138,29292,31446,34109,36773,320,301
Biobío,FLORIDA,4926,5235,5543,6469,7703,12516,15601,35267,38352,41437,44522,47607,51509,55410,482,454
Biobío,VILLUCO,4926,5235,5543,6469,7703,12516,15601,35267,38352,41437,44522,47607,51509,55410,482,454
Biobío,EL CARMEN RENGO,4724,4892,5059,5561,6231,10370,12045,30331,32006,33681,35356,37031,39521,42012,365,344
Biobío,COPIULEMU,4926,5235,5543,6469,7703,12516,15601,35267,38352,41437,44522,47607,51509,55410,482,454
Biobío,MEIPO,4926,5235,5543,6469,7703,12516,15601,35267,38352,41437,44522,47607,51509,55410,482,454
Biobío,PERALES,4926,5235,5543,6469,7703,12516,15601,35267,38352,41437,44522,47607,51509,55410,482,454
Biobío,GUARILIHUE,4926,5235,5543,6469,7703,12516,15601,35267,38352,41437,44522,47607,51509,55410,482,454
Biobío,CHECURA,4926,5235,5543,6469,7703,12516,15601,35267,38352,41437,44522,47607,51509,55410,482,454
Biobío,LEONERA,4926,5235,5543,6469,7703,12516,15601,35267,38352,41437,44522,47607,51509,55410,482,454
Biobío,FILOMENA,4926,5235,5543,6469,7703,12516,15601,35267,38352,41437,44522,47607,51509,55410,482,454
Biobío,TOROICO,4926,5235,5543,6469,7703,12516,15601,35267,38352,41437,44522,47607,51509,55410,482,454
Biobío,CARAMPANGUE,7390,7852,8315,9703,11554,18774,23401,52901,57529,62156,66784,71411,77263,83114,723,680
Biobío,SANTA JUANA,7390,7852,8315,9703,11554,18774,23401,52901,57529,62156,66784,71411,77263,83114,723,680
Biobío,NEGRETE,7686,8203,8720,10271,12338,19707,24875,54795,59964,65132,70301,75469,81862,88255,767,723
Biobío,QUILLECO,7686,8203,8720,10271,12338,19707,24875,54795,59964,65132,70301,75469,81862,88255,767,723
Biobío,ALTO BIO BIO,7686,8203,8720,10271,12338,19707,24875,54795,59964,65132,70301,75469,81862,88255,767,723
Biobío,SAN ROSENDO,7686,8203,8720,10271,12338,19707,24875,54795,59964,65132,70301,75469,81862,88255,767,723
Biobío,ANTUCO,7686,8203,8720,10271,12338,19707,24875,54795,59964,65132,70301,75469,81862,88255,767,723
Biobío,DICHATO,7390,7852,8315,9703,11554,18774,23401,52901,57529,62156,66784,71411,77263,83114,723,680
Biobío,HUALQUI,7390,7852,8315,9703,11554,18774,23401,52901,57529,62156,66784,71411,77263,83114,723,680
Biobío,HUEPIL,7686,8203,8720,10271,12338,19707,24875,54795,59964,65132,70301,75469,81862,88255,767,723
Biobío,LARAQUETE,7390,7852,8315,9703,11554,18774,23401,52901,57529,62156,66784,71411,77263,83114,723,680
Biobío,MONTE AGUILA,7390,7852,8315,9703,11554,18774,23401,52901,57529,62156,66784,71411,77263,83114,723,680
Biobío,TUCAPEL,7686,8203,8720,10271,12338,19707,24875,54795,59964,65132,70301,75469,81862,88255,767,723
Biobío,NIPAS,7390,7852,8315,9703,11554,18774,23401,52901,57529,62156,66784,71411,77263,83114,723,680
Biobío,TREHUACO,7390,7852,8315,9703,11554,18774,23401,52901,57529,62156,66784,71411,77263,83114,723,680
Biobío,QUIRIQUINA,7390,7852,8315,9703,11554,18774,23401,52901,57529,62156,66784,71411,77263,83114,723,680
Biobío,CHARRUA,7390,7852,8315,9703,11554,18774,23401,52901,57529,62156,66784,71411,77263,83114,723,680
Biobío,RAMADILLAS,7390,7852,8315,9703,11554,18774,23401,52901,57529,62156,66784,71411,77263,83114,723,680
Biobío,LOS HORCONES,7390,7852,8315,9703,11554,18774,23401,52901,57529,62156,66784,71411,77263,83114,723,680
Biobío,LAS TRANCAS,7390,7852,8315,9703,11554,18774,23401,52901,57529,62156,66784,71411,77263,83114,723,680
Biobío,PUNTA DE PARRA,7390,7852,8315,9703,11554,18774,23401,52901,57529,62156,66784,71411,77263,83114,723,680
Biobío,COLIUMO,7390,7852,8315,9703,11554,18774,23401,52901,57529,62156,66784,71411,77263,83114,723,680
Biobío,PINGUERAL,7390,7852,8315,9703,11554,18774,23401,52901,57529,62156,66784,71411,77263,83114,723,680
Biobío,LOS TILOS,7390,7852,8315,9703,11554,18774,23401,52901,57529,62156,66784,71411,77263,83114,723,680
Biobío,QUILACO,8276,8832,9389,11058,13284,21218,26783,58996,64561,70126,75691,81255,88138,95021,826,778
Biobío,CAMPANARIO,8375,8899,9424,10997,13095,21277,26522,59955,65199,70444,75688,80933,87564,94196,819,771
Biobío,RAFAEL,9853,10470,11087,12938,15406,25032,31202,70535,76705,82875,89045,95215,103017,110819,964,907
Biobío,QUILLAITUN,9853,10470,11087,12938,15406,25032,31202,70535,76705,82875,89045,95215,103017,110819,964,907
Biobío,CERRO ALTO,9853,10470,11087,12938,15406,25032,31202,70535,76705,82875,89045,95215,103017,110819,964,907
Biobío,LA ARAUCANA,9853,10470,11087,12938,15406,25032,31202,70535,76705,82875,89045,95215,103017,110819,964,907
Biobío,TRES PINOS,9853,10470,11087,12938,15406,25032,31202,70535,76705,82875,89045,95215,103017,110819,964,907
Biobío,ANTIHUALA,9853,10470,11087,12938,15406,25032,31202,70535,76705,82875,89045,95215,103017,110819,964,907
Biobío,VILLA LOS RIOS,9853,10470,11087,12938,15406,25032,31202,70535,76705,82875,89045,95215,103017,110819,964,907
Biobío,RANGUELMO,14779,15705,16630,19407,23109,37548,46803,105802,115057,124312,133567,142822,154526,166229,1445,1361
Biobío,SANTA CLARA,14779,15705,16630,19407,23109,37548,46803,105802,115057,124312,133567,142822,154526,166229,1445,1361
Biobío,MININCO,15834,16899,17963,21157,25416,40596,51243,112878,123525,134172,144820,156976,170273,183570,1596,1503
Biobío,BUCHUPUREO,14697,15334,15971,17882,20430,33324,39694,95706,102076,108447,114817,121188,130006,138825,1207,1137
Biobío,VEGAS DE ITATA,14779,15705,16630,19407,23109,37548,46803,105802,115057,124312,133567,142822,154526,166229,1445,1361
Biobío,VILLA MERCEDES,15373,16406,17440,20541,24676,39414,49751,109590,119927,130264,140602,150939,163724,176509,1535,1445
Biobío,TRUPAN,15373,16406,17440,20541,24676,39414,49751,109590,119927,130264,140602,150939,163724,176509,1535,1445
Biobío,RIHUE,15373,16406,17440,20541,24676,39414,49751,109590,119927,130264,140602,150939,163724,176509,1535,1445
Biobío,POLCURA,15373,16406,17440,20541,24676,39414,49751,109590,119927,130264,140602,150939,163724,176509,1535,1445
Biobío,PANGAL,14779,15705,16630,19407,23109,37548,46803,105802,115057,124312,133567,142822,154526,166229,1445,1361
Biobío,COIHUE,15373,16406,17440,20541,24676,39414,49751,109590,119927,130264,140602,150939,163724,176509,1535,1445
Biobío,TREGUALEMU,14779,15705,16630,19407,23109,37548,46803,105802,115057,124312,133567,142822,154526,166229,1445,1361
Biobío,TANILVORO,14779,15705,16630,19407,23109,37548,46803,105802,115057,124312,133567,142822,154526,166229,1445,1361
Biobío,RUCAPEQUEN,14779,15705,16630,19407,23109,37548,46803,105802,115057,124312,133567,142822,154526,166229,1445,1361
Biobío,QUINCHAMALI,14779,15705,16630,19407,23109,37548,46803,105802,115057,124312,133567,142822,154526,166229,1445,1361
Biobío,PUEBLO SECO,14779,15705,16630,19407,23109,37548,46803,105802,115057,124312,133567,142822,154526,166229,1445,1361
Biobío,NAHUELTORO,14779,15705,16630,19407,23109,37548,46803,105802,115057,124312,133567,142822,154526,166229,1445,1361
Biobío,MINAS DEL PRADO,14779,15705,16630,19407,23109,37548,46803,105802,115057,124312,133567,142822,154526,166229,1445,1361
Biobío,CAYUCUPIL,16150,17237,18323,21581,25925,41408,52268,115135,125995,136856,147716,160116,173679,187241,1628,1533
Biobío,CHOLGUAN,15764,16752,17739,20700,24649,40051,49923,112856,122728,132600,142472,152344,164827,177311,1542,1452
Biobío,ISLA SANTA MARIA,74713,74867,75022,75484,76101,78508,80050,89884,91426,92969,94511,96054,98004,99955,241,227
Araucanía,TEMUCO,2639,2816,2994,3526,4236,6766,8541,18813,20587,22362,24137,26163,28379,30595,266,250
Araucanía,CARAHUE,2639,2816,2994,3526,4236,6766,8541,18813,20587,22362,24137,26163,28379,30595,266,250
Araucanía,COLLIPULLI,2639,2816,2994,3526,4236,6766,8541,18813,20587,22362,24137,26163,28379,30595,266,250
Araucanía,CURACAUTIN,2639,2816,2994,3526,4236,6766,8541,18813,20587,22362,24137,26163,28379,30595,266,250
Araucanía,ERCILLA,2903,3098,3293,3879,4660,7443,9395,20694,22646,24598,26550,28779,31217,33654,293,276
Araucanía,FREIRE,2639,2816,2994,3526,4236,6766,8541,18813,20587,22362,24137,26163,28379,30595,266,250
Araucanía,GORBEA,2639,2816,2994,3526,4236,6766,8541,18813,20587,22362,24137,26163,28379,30595,266,250
Araucanía,NUEVA IMPERIAL,2639,2816,2994,3526,4236,6766,8541,18813,20587,22362,24137,26163,28379,30595,266,250
Araucanía,PITRUFQUEN,2639,2816,2994,3526,4236,6766,8541,18813,20587,22362,24137,26163,28379,30595,266,250
Araucanía,PUCON,3035,3239,3443,4055,4871,7781,9822,21635,23676,25716,27757,30087,32636,35184,306,288
Araucanía,ANGOL,2562,2734,2907,3424,4113,6569,8292,18265,19988,21711,23434,25156,27287,29418,256,241
Araucanía,TRAIGUEN,2639,2816,2994,3526,4236,6766,8541,18813,20587,22362,24137,26163,28379,30595,266,250
Araucanía,VICTORIA,2639,2816,2994,3526,4236,6766,8541,18813,20587,22362,24137,26163,28379,30595,266,250
Araucanía,VILLARRICA,2903,3098,3293,3879,4660,7443,9395,20694,22646,24598,26550,28779,31217,33654,293,276
Araucanía,PADRE LAS CASAS,2639,2816,2994,3526,4236,6766,8541,18813,20587,22362,24137,26163,28379,30595,266,250
Araucanía,PUERTO SAAVEDRA,2639,2816,2994,3526,4236,6766,8541,18813,20587,22362,24137,26163,28379,30595,266,250
Araucanía,TIRUA,2956,3141,3326,3881,4622,7510,9361,21160,23011,24862,26713,28564,30905,33246,289,272
Araucanía,LONQUIMAY,3167,3380,3593,4231,5083,8119,10249,22576,24705,26834,28964,31395,34055,36714,319,301
Araucanía,PUREN,2562,2734,2907,3424,4113,6569,8292,18265,19988,21711,23434,25156,27287,29418,256,241
Araucanía,PERQUENCO,2639,2816,2994,3526,4236,6766,8541,18813,20587,22362,24137,26163,28379,30595,266,250
Araucanía,PILLANLELBUN,2639,2816,2994,3526,4236,6766,8541,18813,20587,22362,24137,26163,28379,30595,266,250
Araucanía,ICALMA,3167,3380,3593,4231,5083,8119,10249,22576,24705,26834,28964,31395,34055,36714,319,301
Araucanía,LICANRAY,2903,3098,3293,3879,4660,7443,9395,20694,22646,24598,26550,28779,31217,33654,293,276
Araucanía,CONARIPE,3035,3239,3443,4055,4871,7781,9822,21635,23676,25716,27757,30087,32636,35184,306,288
Araucanía,LONCOCHE,3167,3380,3593,4231,5083,8119,10249,22576,24705,26834,28964,31395,34055,36714,319,301
Araucanía,GALVARINO,3331,3555,3779,4451,5347,8540,10779,23744,25984,28224,30464,32703,35474,38244,333,313
Araucanía,LAUTARO,5278,5633,5988,7052,8472,13532,17081,37626,41175,44724,48273,52325,56758,61190,532,501
Araucanía,LABRANZA,5278,5633,5988,7052,8472,13532,17081,37626,41175,44724,48273,52325,56758,61190,532,501
Araucanía,QUEPE,5278,5633,5988,7052,8472,13532,17081,37626,41175,44724,48273,52325,56758,61190,532,501
Araucanía,CAJON,7917,8449,8982,10579,12708,20298,25622,56439,61762,67086,72410,78488,85137,91785,798,751
Araucanía,LOS SAUCES,7686,8203,8720,10271,12338,19707,24875,54795,59964,65132,70301,75469,81862,88255,767,723
Araucanía,VILCUN,7917,8449,8982,10579,12708,20298,25622,56439,61762,67086,72410,78488,85137,91785,798,751
Araucanía,CHOLCHOL,7917,8449,8982,10579,12708,20298,25622,56439,61762,67086,72410,78488,85137,91785,798,751
Araucanía,CURARREHUE,7917,8449,8982,10579,12708,20298,25622,56439,61762,67086,72410,78488,85137,91785,798,751
Araucanía,CUNCO,7917,8449,8982,10579,12708,20298,25622,56439,61762,67086,72410,78488,85137,91785,798,751
Araucanía,TEODORO SCHMIDT,7917,8449,8982,10579,12708,20298,25622,56439,61762,67086,72410,78488,85137,91785,798,751
Araucanía,RENAICO,7686,8203,8720,10271,12338,19707,24875,54795,59964,65132,70301,75469,81862,88255,767,723
Araucanía,TOLTEN,7917,8449,8982,10579,12708,20298,25622,56439,61762,67086,72410,78488,85137,91785,798,751
Araucanía,LUMACO,7917,8449,8982,10579,12708,20298,25622,56439,61762,67086,72410,78488,85137,91785,798,751
Araucanía,CAPITAN PASTENE,7917,8449,8982,10579,12708,20298,25622,56439,61762,67086,72410,78488,85137,91785,798,751
Araucanía,MELIPEUCO,7917,8449,8982,10579,12708,20298,25622,56439,61762,67086,72410,78488,85137,91785,798,751
Araucanía,CABURGA,7917,8449,8982,10579,12708,20298,25622,56439,61762,67086,72410,78488,85137,91785,798,751
Araucanía,LOS LAURELES,7917,8449,8982,10579,12708,20298,25622,56439,61762,67086,72410,78488,85137,91785,798,751
Araucanía,TROVOLHUE,7917,8449,8982,10579,12708,20298,25622,56439,61762,67086,72410,78488,85137,91785,798,751
Araucanía,VILLA BOLDO,7917,8449,8982,10579,12708,20298,25622,56439,61762,67086,72410,78488,85137,91785,798,751
Araucanía,PORMA,7917,8449,8982,10579,12708,20298,25622,56439,61762,67086,72410,78488,85137,91785,798,751
Araucanía,CHOROICO,7917,8449,8982,10579,12708,20298,25622,56439,61762,67086,72410,78488,85137,91785,798,751
Araucanía,COLICO,7917,8449,8982,10579,12708,20298,25622,56439,61762,67086,72410,78488,85137,91785,798,751
Araucanía,SAN PATRICIO,7917,8449,8982,10579,12708,20298,25622,56439,61762,67086,72410,78488,85137,91785,798,751
Araucanía,CURACALCO,7917,8449,8982,10579,12708,20298,25622,56439,61762,67086,72410,78488,85137,91785,798,751
Araucanía,LAS HORTENCIAS,7917,8449,8982,10579,12708,20298,25622,56439,61762,67086,72410,78488,85137,91785,798,751
Araucanía,HUALPIN,10556,11266,11976,14105,16944,27064,34162,75252,82350,89448,96546,104651,113515,122380,1064,1002
Araucanía,CHERQUENCO,10556,11266,11976,14105,16944,27064,34162,75252,82350,89448,96546,104651,113515,122380,1064,1002
Araucanía,BARROS ARANA,10556,11266,11976,14105,16944,27064,34162,75252,82350,89448,96546,104651,113515,122380,1064,1002
Araucanía,COLONIA MENDOZA,10556,11266,11976,14105,16944,27064,34162,75252,82350,89448,96546,104651,113515,122380,1064,1002
Araucanía,LOS BOLDOS,10556,11266,11976,14105,16944,27064,34162,75252,82350,89448,96546,104651,113515,122380,1064,1002
Araucanía,RADAL,10556,11266,11976,14105,16944,27064,34162,75252,82350,89448,96546,104651,113515,122380,1064,1002
Araucanía,QUEULE,13195,14082,14969,17631,21180,33830,42703,94065,102937,111810,120683,130814,141894,152975,1330,1252
Araucanía,LIQUINE,15834,16899,17963,21157,25416,40596,51243,112878,123525,134172,144820,156976,170273,183570,1596,1503
Araucanía,MALALCAHUELLO,20496,20674,20851,21383,22093,24623,26398,36670,38445,40219,41994,44020,46236,48452,266,250
Araucanía,PUERTO DOMINGUEZ,49068,49245,49422,49955,50665,53195,54969,65241,67016,68791,70565,72591,74807,77024,266,250
Araucanía,RUCA RAQUI (SAAVEDRA),49068,49245,49422,49955,50665,53195,54969,65241,67016,68791,70565,72591,74807,77024,266,250
Los Ríos,VALDIVIA,2718,2901,3084,3632,4363,6969,8797,19377,21205,23033,24861,27209,29514,31819,277,261
Los Ríos,LA UNION,2800,2988,3176,3741,4494,7178,9061,19959,21841,23724,25607,28298,30695,33092,288,271
Los Ríos,LANCO,2639,2816,2994,3526,4236,6766,8541,18813,20587,22362,24137,26163,28379,30595,266,250
Los Ríos,PANGUIPULLI,2639,2816,2994,3526,4236,6766,8541,18813,20587,22362,24137,26163,28379,30595,266,250
Los Ríos,RIO BUENO,2800,2988,3176,3741,4494,7178,9061,19959,21841,23724,25607,28298,30695,33092,288,271
Los Ríos,LAGO RANCO,2800,2988,3176,3741,4494,7178,9061,19959,21841,23724,25607,28298,30695,33092,288,271
Los Ríos,LOS LAGOS,3262,3481,3700,4358,5236,8363,10556,23253,25446,27639,29833,32651,35417,38183,332,313
Los Ríos,SAN JOSE DE LA MARIQUINA,3262,3481,3700,4358,5236,8363,10556,23253,25446,27639,29833,32651,35417,38183,332,313
Los Ríos,FUTRONO,3262,3481,3700,4358,5236,8363,10556,23253,25446,27639,29833,32651,35417,38183,332,313
Los Ríos,NELTUME,3431,3661,3892,4584,5507,8796,11103,24457,26764,29071,31378,34012,36893,39773,346,326
Los Ríos,CHOSHUENCO,3695,3943,4191,4937,5931,9472,11957,26338,28822,31307,33791,36628,39730,42833,372,351
Los Ríos,PAILLACO,5436,5802,6167,7264,8726,13938,17594,38755,42410,46066,49721,54419,59028,63638,553,521
Los Ríos,LLIFEN,8154,8703,9251,10896,13089,20907,26390,58132,63615,69099,74582,81628,88542,95456,830,782
Los Ríos,MAFIL,8154,8703,9251,10896,13089,20907,26390,58132,63615,69099,74582,81628,88542,95456,830,782
Los Ríos,CORRAL,8154,8703,9251,10896,13089,20907,26390,58132,63615,69099,74582,81628,88542,95456,830,782
Los Ríos,MAIHUE,8154,8703,9251,10896,13089,20907,26390,58132,63615,69099,74582,81628,88542,95456,830,782
Los Ríos,CALAFQUEN,7917,8449,8982,10579,12708,20298,25622,56439,61762,67086,72410,78488,85137,91785,798,751
Los Ríos,RINIHUE,7917,8449,8982,10579,12708,20298,25622,56439,61762,67086,72410,78488,85137,91785,798,751
Los Ríos,COZ COZ,7917,8449,8982,10579,12708,20298,25622,56439,61762,67086,72410,78488,85137,91785,798,751
Los Ríos,ROBLE HUACHO,7917,8449,8982,10579,12708,20298,25622,56439,61762,67086,72410,78488,85137,91785,798,751
Los Ríos,CHAUQUEN,7917,8449,8982,10579,12708,20298,25622,56439,61762,67086,72410,78488,85137,91785,798,751
Los Ríos,PUENTE QUILO,11199,11952,12705,14964,17976,28712,36243,79835,87365,94896,102426,113191,122778,132366,1151,1084
Los Ríos,QUILCHE,10556,11266,11976,14105,16944,27064,34162,75252,82350,89448,96546,104651,113515,122380,1064,1002
Los Ríos,SECTOR LA PENA,10556,11266,11976,14105,16944,27064,34162,75252,82350,89448,96546,104651,113515,122380,1064,1002
Los Ríos,PARCELA EL CARMEN,10556,11266,11976,14105,16944,27064,34162,75252,82350,89448,96546,104651,113515,122380,1064,1002
Los Ríos,HUELLAHUE,10556,11266,11976,14105,16944,27064,34162,75252,82350,89448,96546,104651,113515,122380,1064,1002
Los Ríos,RAYENCURA,10556,11266,11976,14105,16944,27064,34162,75252,82350,89448,96546,104651,113515,122380,1064,1002
Los Ríos,PUNUCAPA,16309,17405,18502,21792,26179,41814,52781,116264,127231,138197,149164,163256,177084,190913,1660,1563
Los Ríos,CURINANCO,16309,17405,18502,21792,26179,41814,52781,116264,127231,138197,149164,163256,177084,190913,1660,1563
Los Ríos,RININAHUE,16798,17928,19057,22446,26964,43068,54364,119752,131048,142343,153639,169786,184167,198549,1727,1626
Los Ríos,NIEBLA,20575,20758,20941,21489,22220,24826,26654,37234,39062,40890,42718,45066,47371,49676,277,261
Los Lagos,OSORNO,2800,2988,3176,3741,4494,7178,9061,19959,21841,23724,25607,28298,30695,33092,288,271
Los Lagos,PUERTO MONTT,2800,2988,3176,3741,4494,7178,9061,19959,21841,23724,25607,28298,30695,33092,288,271
Los Lagos,CALBUCO,2800,2988,3176,3741,4494,7178,9061,19959,21841,23724,25607,28298,30695,33092,288,271
Los Lagos,FRUTILLAR,2800,2988,3176,3741,4494,7178,9061,19959,21841,23724,25607,28298,30695,33092,288,271
Los Lagos,PUERTO VARAS,2800,2988,3176,3741,4494,7178,9061,19959,21841,23724,25607,28298,30695,33092,288,271
Los Lagos,PURRANQUE,2800,2988,3176,3741,4494,7178,9061,19959,21841,23724,25607,28298,30695,33092,288,271
Los Lagos,CASTRO,3360,3586,3811,4489,5393,8614,10873,23950,26210,28469,30728,33957,36833,39710,345,325
Los Lagos,ANCUD,2800,2988,3176,3741,4494,7178,9061,19959,21841,23724,25607,28298,30695,33092,288,271
Los Lagos,QUELLON,2800,2988,3176,3741,4494,7178,9061,19959,21841,23724,25607,28298,30695,33092,288,271
Los Lagos,ALERCE,2800,2988,3176,3741,4494,7178,9061,19959,21841,23724,25607,28298,30695,33092,288,271
Los Lagos,ANTILHUE,3262,3481,3700,4358,5236,8363,10556,23253,25446,27639,29833,32651,35417,38183,332,313
Los Lagos,REUMEN,3262,3481,3700,4358,5236,8363,10556,23253,25446,27639,29833,32651,35417,38183,332,313
Los Lagos,ABTAO,3360,3586,3811,4489,5393,8614,10873,23950,26210,28469,30728,33957,36833,39710,345,325
Los Lagos,FRESIA,3080,3287,3494,4115,4943,7896,9967,21954,24025,26096,28167,31127,33764,36401,317,298
Los Lagos,PIEDRA AZUL,5599,5976,6352,7482,8988,14356,18121,39917,43683,47448,51213,56595,61389,66183,576,542
Los Lagos,QUILLAIPE,5599,5976,6352,7482,8988,14356,18121,39917,43683,47448,51213,56595,61389,66183,576,542
Los Lagos,METRI,5599,5976,6352,7482,8988,14356,18121,39917,43683,47448,51213,56595,61389,66183,576,542
Los Lagos,LENCA,5599,5976,6352,7482,8988,14356,18121,39917,43683,47448,51213,56595,61389,66183,576,542
Los Lagos,CHAICA,5599,5976,6352,7482,8988,14356,18121,39917,43683,47448,51213,56595,61389,66183,576,542
Los Lagos,LA ARENA PTO MONTT,5599,5976,6352,7482,8988,14356,18121,39917,43683,47448,51213,56595,61389,66183,576,542
Los Lagos,DALCAHUE,8399,8964,9529,11223,13482,21534,27182,59876,65524,71172,76820,84893,92084,99275,863,813
Los Lagos,LOS MUERMOS,8399,8964,9529,11223,13482,21534,27182,59876,65524,71172,76820,84893,92084,99275,863,813
Los Lagos,RIO NEGRO,8399,8964,9529,11223,13482,21534,27182,59876,65524,71172,76820,84893,92084,99275,863,813
Los Lagos,LLANQUIHUE,8399,8964,9529,11223,13482,21534,27182,59876,65524,71172,76820,84893,92084,99275,863,813
Los Lagos,CHONCHI,8399,8964,9529,11223,13482,21534,27182,59876,65524,71172,76820,84893,92084,99275,863,813
Los Lagos,PUERTO OCTAY,8399,8964,9529,11223,13482,21534,27182,59876,65524,71172,76820,84893,92084,99275,863,813
Los Lagos,PUYEHUE,8399,8964,9529,11223,13482,21534,27182,59876,65524,71172,76820,84893,92084,99275,863,813
Los Lagos,CURACO DE VELEZ,8399,8964,9529,11223,13482,21534,27182,59876,65524,71172,76820,84893,92084,99275,863,813
Los Lagos,MAULLIN,8399,8964,9529,11223,13482,21534,27182,59876,65524,71172,76820,84893,92084,99275,863,813
Los Lagos,PUQUELDON,8399,8964,9529,11223,13482,21534,27182,59876,65524,71172,76820,84893,92084,99275,863,813
Los Lagos,SAN PABLO,8399,8964,9529,11223,13482,21534,27182,59876,65524,71172,76820,84893,92084,99275,863,813
Los Lagos,QUINCHAO,8399,8964,9529,11223,13482,21534,27182,59876,65524,71172,76820,84893,92084,99275,863,813
Los Lagos,QUEILEN,8399,8964,9529,11223,13482,21534,27182,59876,65524,71172,76820,84893,92084,99275,863,813
Los Lagos,ACHAO,8399,8964,9529,11223,13482,21534,27182,59876,65524,71172,76820,84893,92084,99275,863,813
Los Lagos,PICHI PELLUCO,8399,8964,9529,11223,13482,21534,27182,59876,65524,71172,76820,84893,92084,99275,863,813
Los Lagos,QUEMCHI,11199,11952,12705,14964,17976,28712,36243,79835,87365,94896,102426,113191,122778,132366,1151,1084
Los Lagos,CHACAO,11199,11952,12705,14964,17976,28712,36243,79835,87365,94896,102426,113191,122778,132366,1151,1084
Los Lagos,ENSENADA,11199,11952,12705,14964,17976,28712,36243,79835,87365,94896,102426,113191,122778,132366,1151,1084
Los Lagos,PUNTA CORONA,11199,11952,12705,14964,17976,28712,36243,79835,87365,94896,102426,113191,122778,132366,1151,1084
Los Lagos,GUAPILACUY,11199,11952,12705,14964,17976,28712,36243,79835,87365,94896,102426,113191,122778,132366,1151,1084
Los Lagos,YUSTE,11199,11952,12705,14964,17976,28712,36243,79835,87365,94896,102426,113191,122778,132366,1151,1084
Los Lagos,NAL,11199,11952,12705,14964,17976,28712,36243,79835,87365,94896,102426,113191,122778,132366,1151,1084
Los Lagos,AHUI,11199,11952,12705,14964,17976,28712,36243,79835,87365,94896,102426,113191,122778,132366,1151,1084
Los Lagos,QUETALMAHUE,11199,11952,12705,14964,17976,28712,36243,79835,87365,94896,102426,113191,122778,132366,1151,1084
Los Lagos,LECHAGUA,11199,11952,12705,14964,17976,28712,36243,79835,87365,94896,102426,113191,122778,132366,1151,1084
Los Lagos,PAULDEO,11199,11952,12705,14964,17976,28712,36243,79835,87365,94896,102426,113191,122778,132366,1151,1084
Los Lagos,CAULIN,11199,11952,12705,14964,17976,28712,36243,79835,87365,94896,102426,113191,122778,132366,1151,1084
Los Lagos,MANAO,11199,11952,12705,14964,17976,28712,36243,79835,87365,94896,102426,113191,122778,132366,1151,1084
Los Lagos,LINAO,11199,11952,12705,14964,17976,28712,36243,79835,87365,94896,102426,113191,122778,132366,1151,1084
Los Lagos,HUELDEN,11199,11952,12705,14964,17976,28712,36243,79835,87365,94896,102426,113191,122778,132366,1151,1084
Los Lagos,CHEPU,11199,11952,12705,14964,17976,28712,36243,79835,87365,94896,102426,113191,122778,132366,1151,1084
Los Lagos,DEGAN,11199,11952,12705,14964,17976,28712,36243,79835,87365,94896,102426,113191,122778,132366,1151,1084
Los Lagos,HUILLINCO,11199,11952,12705,14964,17976,28712,36243,79835,87365,94896,102426,113191,122778,132366,1151,1084
Los Lagos,MECHAICO,11199,11952,12705,14964,17976,28712,36243,79835,87365,94896,102426,113191,122778,132366,1151,1084
Los Lagos,LAJAS BLANCAS,11199,11952,12705,14964,17976,28712,36243,79835,87365,94896,102426,113191,122778,132366,1151,1084
Los Lagos,PALOMAR,11199,11952,12705,14964,17976,28712,36243,79835,87365,94896,102426,113191,122778,132366,1151,1084
Los Lagos,SAN JUAN,11199,11952,12705,14964,17976,28712,36243,79835,87365,94896,102426,113191,122778,132366,1151,1084
Los Lagos,TUBUL,9853,10470,11087,12938,15406,25032,31202,70535,76705,82875,89045,95215,103017,110819,964,907
Los Lagos,PUNTA LAVAPIE,9853,10470,11087,12938,15406,25032,31202,70535,76705,82875,89045,95215,103017,110819,964,907
Los Lagos,MECHUQUE,11199,11952,12705,14964,17976,28712,36243,79835,87365,94896,102426,113191,122778,132366,1151,1084
Los Lagos,NUEVA BRAUNAU,16798,17928,19057,22446,26964,43068,54364,119752,131048,142343,153639,169786,184167,198549,1727,1626
Los Lagos,CARELMAPU,16798,17928,19057,22446,26964,43068,54364,119752,131048,142343,153639,169786,184167,198549,1727,1626
Los Lagos,ENTRE LAGOS,16798,17928,19057,22446,26964,43068,54364,119752,131048,142343,153639,169786,184167,198549,1727,1626
Los Lagos,FUTALEUFU,16798,17928,19057,22446,26964,43068,54364,119752,131048,142343,153639,169786,184167,198549,1727,1626
Los Lagos,HUALAIHUE,16798,17928,19057,22446,26964,43068,54364,119752,131048,142343,153639,169786,184167,198549,1727,1626
Los Lagos,HORNOPIREN,16798,17928,19057,22446,26964,43068,54364,119752,131048,142343,153639,169786,184167,198549,1727,1626
Los Lagos,MEHUIN,16309,17405,18502,21792,26179,41814,52781,116264,127231,138197,149164,163256,177084,190913,1660,1563
Los Lagos,PALENA,16798,17928,19057,22446,26964,43068,54364,119752,131048,142343,153639,169786,184167,198549,1727,1626
Los Lagos,PETROHUE,16798,17928,19057,22446,26964,43068,54364,119752,131048,142343,153639,169786,184167,198549,1727,1626
Los Lagos,SAN JUAN DE LA COSTA,16798,17928,19057,22446,26964,43068,54364,119752,131048,142343,153639,169786,184167,198549,1727,1626
Los Lagos,TRUMAO,16798,17928,19057,22446,26964,43068,54364,119752,131048,142343,153639,169786,184167,198549,1727,1626
Los Lagos,CHAITEN,16798,17928,19057,22446,26964,43068,54364,119752,131048,142343,153639,169786,184167,198549,1727,1626
Los Lagos,PARGUA,16798,17928,19057,22446,26964,43068,54364,119752,131048,142343,153639,169786,184167,198549,1727,1626
Los Lagos,PUCATRIHUE,16798,17928,19057,22446,26964,43068,54364,119752,131048,142343,153639,169786,184167,198549,1727,1626
Los Lagos,PUAUCHO,16798,17928,19057,22446,26964,43068,54364,119752,131048,142343,153639,169786,184167,198549,1727,1626
Los Lagos,BAHIA MANSA,16798,17928,19057,22446,26964,43068,54364,119752,131048,142343,153639,169786,184167,198549,1727,1626
Los Lagos,MAICOLPUE,16798,17928,19057,22446,26964,43068,54364,119752,131048,142343,153639,169786,184167,198549,1727,1626
Los Lagos,VILLA SANTA LUCIA,16798,17928,19057,22446,26964,43068,54364,119752,131048,142343,153639,169786,184167,198549,1727,1626
Los Lagos,CALETA GONZALO,16798,17928,19057,22446,26964,43068,54364,119752,131048,142343,153639,169786,184167,198549,1727,1626
Los Lagos,PUELO,30796,32867,34938,41151,49435,78958,99667,219545,240254,260963,281672,311274,337640,364007,3165,2980
Los Lagos,CASMA,20657,20845,21033,21598,22351,25035,26918,37816,39698,41581,43464,46155,48552,50949,288,271
Los Lagos,PEULLA,104800,104988,105176,105741,106494,109178,111061,121959,123841,125724,127607,130298,132695,135092,288,271
Aysén,COYHAIQUE,2884,3334,3797,5184,7034,11669,16293,31104,35728,40352,44976,49601,54769,59937,534,512
Aysén,CISNES,5767,6668,7593,10368,14067,23339,32587,62208,71456,80704,89953,99201,109537,119874,1068,1024
Aysén,PUERTO BERTRAND,17302,20005,22780,31103,42201,70016,97761,186623,214368,242113,269858,297603,328612,359621,3203,3073
Aysén,PUERTO AYSEN,10027,10477,10939,12327,14176,18812,23436,38247,42871,47495,52119,56743,61912,67080,534,512
Aysén,VALLE SIMPSON,28384,28834,29297,30684,32534,37169,41793,56604,61228,65852,70476,75101,80269,85437,534,512
Aysén,VILLA ORTEGA,36884,37334,37797,39184,41034,45669,50293,65104,69728,74352,78976,83601,88769,93937,534,512
Aysén,NIREHUAO,36884,37334,37797,39184,41034,45669,50293,65104,69728,74352,78976,83601,88769,93937,534,512
Aysén,BALMACEDA,41134,41584,42047,43434,45284,49919,54543,69354,73978,78602,83226,87851,93019,98187,534,512
Aysén,PUERTO CHACABUCO,45384,45834,46297,47684,49534,54169,58793,73604,78228,82852,87476,92101,97269,102437,534,512
Aysén,VILLA MANIHUALES,58134,58584,59047,60434,62284,66919,71543,86354,90978,95602,100226,104851,110019,115187,534,512
Aysén,PUYUHUAPI,70884,71334,71797,73184,75034,79669,84293,99104,103728,108352,112976,117601,122769,127937,534,512
Aysén,VILLA CERRO CASTILLO,70884,71334,71797,73184,75034,79669,84293,99104,103728,108352,112976,117601,122769,127937,534,512
Aysén,VILLA AMENGUAL,70884,71334,71797,73184,75034,79669,84293,99104,103728,108352,112976,117601,122769,127937,534,512
Aysén,BAHIA MURTA,70884,71334,71797,73184,75034,79669,84293,99104,103728,108352,112976,117601,122769,127937,534,512
Aysén,RIO IBANEZ,79384,79834,80297,81684,83534,88169,92793,107604,112228,116852,121476,126101,131269,136437,534,512
Aysén,LA JUNTA,104884,105334,105797,107184,109034,113669,118293,133104,137728,142352,146976,151601,156769,161937,534,512
Aysén,PUERTO CISNES,104884,105334,105797,107184,109034,113669,118293,133104,137728,142352,146976,151601,156769,161937,534,512
Aysén,PUERTO TRANQUILO,104884,105334,105797,107184,109034,113669,118293,133104,137728,142352,146976,151601,156769,161937,534,512
Aysén,GUADAL,134634,135084,135547,136934,138784,143419,148043,162854,167478,172102,176726,181351,186519,191687,534,512
Aysén,PUERTO AGUIRRE,198384,198834,199297,200684,202534,207169,211793,226604,231228,235852,240476,245101,250269,255437,534,512
Aysén,GUAITECAS,198384,198834,199297,200684,202534,207169,211793,226604,231228,235852,240476,245101,250269,255437,534,512
Aysén,MELINKA,198384,198834,199297,200684,202534,207169,211793,226604,231228,235852,240476,245101,250269,255437,534,512
Aysén,CALETA ANDRADE,198384,198834,199297,200684,202534,207169,211793,226604,231228,235852,240476,245101,250269,255437,534,512
Aysén,LA TAPERA,206884,207334,207797,209184,211034,215669,220293,235104,239728,244352,248976,253601,258769,263937,534,512
Aysén,LAGO VERDE,223884,224334,224797,226184,228034,232669,237293,252104,256728,261352,265976,270601,275769,280937,534,512
Aysén,COCHRANE,240884,241334,241797,243184,245034,249669,254293,269104,273728,278352,282976,287601,292769,297937,534,512
Aysén,CHILE CHICO,257884,258334,258797,260184,262034,266669,271293,286104,290728,295352,299976,304601,309769,314937,534,512
Aysén,VILLA OHIGGINS,257884,258334,258797,260184,262034,266669,271293,286104,290728,295352,299976,304601,309769,314937,534,512
Aysén,TORTEL,257884,258334,258797,260184,262034,266669,271293,286104,290728,295352,299976,304601,309769,314937,534,512
Magallanes,PUNTA ARENAS,3241,3817,4393,6122,8426,13503,19265,35085,40846,46608,52369,58131,64436,70742,648,626
Magallanes,ANTARTICA,19446,22903,26360,36731,50558,81019,115588,210508,245077,279647,314216,348785,386619,424452,3885,3755
Magallanes,PUERTO NATALES,4862,5726,6590,9183,12640,20255,28897,52627,61269,69912,78554,87196,96655,106113,971,939
Magallanes,LAGUNA BLANCA,19446,22903,26360,36731,50558,81019,115588,210508,245077,279647,314216,348785,386619,424452,3885,3755
Magallanes,PRIMAVERA,19446,22903,26360,36731,50558,81019,115588,210508,245077,279647,314216,348785,386619,424452,3885,3755
Magallanes,RIO VERDE,19446,22903,26360,36731,50558,81019,115588,210508,245077,279647,314216,348785,386619,424452,3885,3755
Magallanes,TORRES DEL PAINE,19446,22903,26360,36731,50558,81019,115588,210508,245077,279647,314216,348785,386619,424452,3885,3755
Magallanes,PUNTA DELGADA,19446,22903,26360,36731,50558,81019,115588,210508,245077,279647,314216,348785,386619,424452,3885,3755
Magallanes,PUERTO TORO,19446,22903,26360,36731,50558,81019,115588,210508,245077,279647,314216,348785,386619,424452,3885,3755
Magallanes,PUERTO BORIES,19446,22903,26360,36731,50558,81019,115588,210508,245077,279647,314216,348785,386619,424452,3885,3755
Magallanes,MONTE AYMOND,19446,22903,26360,36731,50558,81019,115588,210508,245077,279647,314216,348785,386619,424452,3885,3755
Magallanes,CAMERON,19446,22903,26360,36731,50558,81019,115588,210508,245077,279647,314216,348785,386619,424452,3885,3755
Magallanes,TIMAUKEL,49670,50246,50822,52550,54855,59932,65693,81513,87275,93036,98798,104559,110865,117171,648,626
Magallanes,CERRO SOMBRERO,181812,182389,182965,184693,186998,192075,197836,213656,219418,225179,230941,236702,243008,249313,648,626
Magallanes,PUERTO WILLIAMS,181812,182389,182965,184693,186998,192075,197836,213656,219418,225179,230941,236702,243008,249313,648,626
Magallanes,PORVENIR,181812,182389,182965,184693,186998,192075,197836,213656,219418,225179,230941,236702,243008,249313,648,626
